[2026-04-05T22:57:19.542+08:00] actionInActionSpace matched {
  name: 'Scroll',
  description: 'Scroll the page or a scrollable element to browse content. This is the preferred way to scroll on all platforms, including mobile. Supports scrollToBottom/scrollToTop for boundary navigation. Default: direction `down`, scrollType `singleAction`, distance `null`.',
  interfaceAlias: 'aiScroll',
  paramSchema: ZodObject {
    spa: [Function: bound safeParseAsync] AsyncFunction,
    _def: {
      shape: [Function: shape],
      unknownKeys: 'strip',
      catchall: [ZodNever],
      typeName: 'ZodObject'
    },
    parse: [Function: bound parse],
    safeParse: [Function: bound safeParse],
    parseAsync: [Function: bound parseAsync] AsyncFunction,
    safeParseAsync: [Function: bound safeParseAsync] AsyncFunction,
    refine: [Function: bound refine],
    refinement: [Function: bound refinement],
    superRefine: [Function: bound superRefine],
    optional: [Function: bound optional],
    nullable: [Function: bound nullable],
    nullish: [Function: bound nullish],
    array: [Function: bound array],
    promise: [Function: bound promise],
    or: [Function: bound or],
    and: [Function: bound and],
    transform: [Function: bound transform],
    brand: [Function: bound brand],
    default: [Function: bound default],
    catch: [Function: bound catch],
    describe: [Function: bound describe],
    pipe: [Function: bound pipe],
    readonly: [Function: bound readonly],
    isNullable: [Function: bound isNullable],
    isOptional: [Function: bound isOptional],
    '~standard': { version: 1, vendor: 'zod', validate: [Function: validate] },
    _cached: null,
    nonstrict: [Function: passthrough],
    augment: [Function: extend]
  },
  sample: {
    direction: 'down',
    scrollType: 'singleAction',
    locate: { prompt: 'the center of the product list area' }
  },
  call: [AsyncFunction (anonymous)]
}
[2026-04-05T22:57:19.542+08:00] locateFields [ 'locate' ]
[2026-04-05T22:57:20.185+08:00] actionInActionSpace matched {
  name: 'Scroll',
  description: 'Scroll the page or a scrollable element to browse content. This is the preferred way to scroll on all platforms, including mobile. Supports scrollToBottom/scrollToTop for boundary navigation. Default: direction `down`, scrollType `singleAction`, distance `null`.',
  interfaceAlias: 'aiScroll',
  paramSchema: ZodObject {
    spa: [Function: bound safeParseAsync] AsyncFunction,
    _def: {
      shape: [Function: shape],
      unknownKeys: 'strip',
      catchall: [ZodNever],
      typeName: 'ZodObject'
    },
    parse: [Function: bound parse],
    safeParse: [Function: bound safeParse],
    parseAsync: [Function: bound parseAsync] AsyncFunction,
    safeParseAsync: [Function: bound safeParseAsync] AsyncFunction,
    refine: [Function: bound refine],
    refinement: [Function: bound refinement],
    superRefine: [Function: bound superRefine],
    optional: [Function: bound optional],
    nullable: [Function: bound nullable],
    nullish: [Function: bound nullish],
    array: [Function: bound array],
    promise: [Function: bound promise],
    or: [Function: bound or],
    and: [Function: bound and],
    transform: [Function: bound transform],
    brand: [Function: bound brand],
    default: [Function: bound default],
    catch: [Function: bound catch],
    describe: [Function: bound describe],
    pipe: [Function: bound pipe],
    readonly: [Function: bound readonly],
    isNullable: [Function: bound isNullable],
    isOptional: [Function: bound isOptional],
    '~standard': { version: 1, vendor: 'zod', validate: [Function: validate] },
    _cached: null,
    nonstrict: [Function: passthrough],
    augment: [Function: extend]
  },
  sample: {
    direction: 'down',
    scrollType: 'singleAction',
    locate: { prompt: 'the center of the product list area' }
  },
  call: [AsyncFunction (anonymous)]
}
[2026-04-05T22:57:20.186+08:00] locateFields [ 'locate' ]
[2026-04-05T23:03:42.049+08:00] actionInActionSpace matched {
  name: 'Scroll',
  description: 'Scroll the page or a scrollable element to browse content. This is the preferred way to scroll on all platforms, including mobile. Supports scrollToBottom/scrollToTop for boundary navigation. Default: direction `down`, scrollType `singleAction`, distance `null`.',
  interfaceAlias: 'aiScroll',
  paramSchema: ZodObject {
    spa: [Function: bound safeParseAsync] AsyncFunction,
    _def: {
      shape: [Function: shape],
      unknownKeys: 'strip',
      catchall: [ZodNever],
      typeName: 'ZodObject'
    },
    parse: [Function: bound parse],
    safeParse: [Function: bound safeParse],
    parseAsync: [Function: bound parseAsync] AsyncFunction,
    safeParseAsync: [Function: bound safeParseAsync] AsyncFunction,
    refine: [Function: bound refine],
    refinement: [Function: bound refinement],
    superRefine: [Function: bound superRefine],
    optional: [Function: bound optional],
    nullable: [Function: bound nullable],
    nullish: [Function: bound nullish],
    array: [Function: bound array],
    promise: [Function: bound promise],
    or: [Function: bound or],
    and: [Function: bound and],
    transform: [Function: bound transform],
    brand: [Function: bound brand],
    default: [Function: bound default],
    catch: [Function: bound catch],
    describe: [Function: bound describe],
    pipe: [Function: bound pipe],
    readonly: [Function: bound readonly],
    isNullable: [Function: bound isNullable],
    isOptional: [Function: bound isOptional],
    '~standard': { version: 1, vendor: 'zod', validate: [Function: validate] },
    _cached: null,
    nonstrict: [Function: passthrough],
    augment: [Function: extend]
  },
  sample: {
    direction: 'down',
    scrollType: 'singleAction',
    locate: { prompt: 'the center of the product list area' }
  },
  call: [AsyncFunction (anonymous)]
}
[2026-04-05T23:03:42.050+08:00] locateFields [ 'locate' ]
[2026-04-05T23:03:45.748+08:00] actionInActionSpace matched {
  name: 'Scroll',
  description: 'Scroll the page or a scrollable element to browse content. This is the preferred way to scroll on all platforms, including mobile. Supports scrollToBottom/scrollToTop for boundary navigation. Default: direction `down`, scrollType `singleAction`, distance `null`.',
  interfaceAlias: 'aiScroll',
  paramSchema: ZodObject {
    spa: [Function: bound safeParseAsync] AsyncFunction,
    _def: {
      shape: [Function: shape],
      unknownKeys: 'strip',
      catchall: [ZodNever],
      typeName: 'ZodObject'
    },
    parse: [Function: bound parse],
    safeParse: [Function: bound safeParse],
    parseAsync: [Function: bound parseAsync] AsyncFunction,
    safeParseAsync: [Function: bound safeParseAsync] AsyncFunction,
    refine: [Function: bound refine],
    refinement: [Function: bound refinement],
    superRefine: [Function: bound superRefine],
    optional: [Function: bound optional],
    nullable: [Function: bound nullable],
    nullish: [Function: bound nullish],
    array: [Function: bound array],
    promise: [Function: bound promise],
    or: [Function: bound or],
    and: [Function: bound and],
    transform: [Function: bound transform],
    brand: [Function: bound brand],
    default: [Function: bound default],
    catch: [Function: bound catch],
    describe: [Function: bound describe],
    pipe: [Function: bound pipe],
    readonly: [Function: bound readonly],
    isNullable: [Function: bound isNullable],
    isOptional: [Function: bound isOptional],
    '~standard': { version: 1, vendor: 'zod', validate: [Function: validate] },
    _cached: null,
    nonstrict: [Function: passthrough],
    augment: [Function: extend]
  },
  sample: {
    direction: 'down',
    scrollType: 'singleAction',
    locate: { prompt: 'the center of the product list area' }
  },
  call: [AsyncFunction (anonymous)]
}
[2026-04-05T23:03:45.748+08:00] locateFields [ 'locate' ]
[2026-04-05T23:05:37.395+08:00] actionInActionSpace matched {
  name: 'Scroll',
  description: 'Scroll the page or a scrollable element to browse content. This is the preferred way to scroll on all platforms, including mobile. Supports scrollToBottom/scrollToTop for boundary navigation. Default: direction `down`, scrollType `singleAction`, distance `null`.',
  interfaceAlias: 'aiScroll',
  paramSchema: ZodObject {
    spa: [Function: bound safeParseAsync] AsyncFunction,
    _def: {
      shape: [Function: shape],
      unknownKeys: 'strip',
      catchall: [ZodNever],
      typeName: 'ZodObject'
    },
    parse: [Function: bound parse],
    safeParse: [Function: bound safeParse],
    parseAsync: [Function: bound parseAsync] AsyncFunction,
    safeParseAsync: [Function: bound safeParseAsync] AsyncFunction,
    refine: [Function: bound refine],
    refinement: [Function: bound refinement],
    superRefine: [Function: bound superRefine],
    optional: [Function: bound optional],
    nullable: [Function: bound nullable],
    nullish: [Function: bound nullish],
    array: [Function: bound array],
    promise: [Function: bound promise],
    or: [Function: bound or],
    and: [Function: bound and],
    transform: [Function: bound transform],
    brand: [Function: bound brand],
    default: [Function: bound default],
    catch: [Function: bound catch],
    describe: [Function: bound describe],
    pipe: [Function: bound pipe],
    readonly: [Function: bound readonly],
    isNullable: [Function: bound isNullable],
    isOptional: [Function: bound isOptional],
    '~standard': { version: 1, vendor: 'zod', validate: [Function: validate] },
    _cached: null,
    nonstrict: [Function: passthrough],
    augment: [Function: extend]
  },
  sample: {
    direction: 'down',
    scrollType: 'singleAction',
    locate: { prompt: 'the center of the product list area' }
  },
  call: [AsyncFunction (anonymous)]
}
[2026-04-05T23:05:37.395+08:00] locateFields [ 'locate' ]
[2026-04-05T23:05:39.065+08:00] actionInActionSpace matched {
  name: 'Scroll',
  description: 'Scroll the page or a scrollable element to browse content. This is the preferred way to scroll on all platforms, including mobile. Supports scrollToBottom/scrollToTop for boundary navigation. Default: direction `down`, scrollType `singleAction`, distance `null`.',
  interfaceAlias: 'aiScroll',
  paramSchema: ZodObject {
    spa: [Function: bound safeParseAsync] AsyncFunction,
    _def: {
      shape: [Function: shape],
      unknownKeys: 'strip',
      catchall: [ZodNever],
      typeName: 'ZodObject'
    },
    parse: [Function: bound parse],
    safeParse: [Function: bound safeParse],
    parseAsync: [Function: bound parseAsync] AsyncFunction,
    safeParseAsync: [Function: bound safeParseAsync] AsyncFunction,
    refine: [Function: bound refine],
    refinement: [Function: bound refinement],
    superRefine: [Function: bound superRefine],
    optional: [Function: bound optional],
    nullable: [Function: bound nullable],
    nullish: [Function: bound nullish],
    array: [Function: bound array],
    promise: [Function: bound promise],
    or: [Function: bound or],
    and: [Function: bound and],
    transform: [Function: bound transform],
    brand: [Function: bound brand],
    default: [Function: bound default],
    catch: [Function: bound catch],
    describe: [Function: bound describe],
    pipe: [Function: bound pipe],
    readonly: [Function: bound readonly],
    isNullable: [Function: bound isNullable],
    isOptional: [Function: bound isOptional],
    '~standard': { version: 1, vendor: 'zod', validate: [Function: validate] },
    _cached: null,
    nonstrict: [Function: passthrough],
    augment: [Function: extend]
  },
  sample: {
    direction: 'down',
    scrollType: 'singleAction',
    locate: { prompt: 'the center of the product list area' }
  },
  call: [AsyncFunction (anonymous)]
}
[2026-04-05T23:05:39.065+08:00] locateFields [ 'locate' ]
[2026-04-05T23:05:42.253+08:00] actionInActionSpace matched {
  name: 'Tap',
  description: 'Tap the element',
  interfaceAlias: 'aiTap',
  paramSchema: ZodObject {
    spa: [Function: bound safeParseAsync] AsyncFunction,
    _def: {
      shape: [Function: shape],
      unknownKeys: 'strip',
      catchall: [ZodNever],
      typeName: 'ZodObject'
    },
    parse: [Function: bound parse],
    safeParse: [Function: bound safeParse],
    parseAsync: [Function: bound parseAsync] AsyncFunction,
    safeParseAsync: [Function: bound safeParseAsync] AsyncFunction,
    refine: [Function: bound refine],
    refinement: [Function: bound refinement],
    superRefine: [Function: bound superRefine],
    optional: [Function: bound optional],
    nullable: [Function: bound nullable],
    nullish: [Function: bound nullish],
    array: [Function: bound array],
    promise: [Function: bound promise],
    or: [Function: bound or],
    and: [Function: bound and],
    transform: [Function: bound transform],
    brand: [Function: bound brand],
    default: [Function: bound default],
    catch: [Function: bound catch],
    describe: [Function: bound describe],
    pipe: [Function: bound pipe],
    readonly: [Function: bound readonly],
    isNullable: [Function: bound isNullable],
    isOptional: [Function: bound isOptional],
    '~standard': { version: 1, vendor: 'zod', validate: [Function: validate] },
    _cached: null,
    nonstrict: [Function: passthrough],
    augment: [Function: extend]
  },
  sample: { locate: { prompt: 'the "Submit" button' } },
  call: [AsyncFunction (anonymous)]
}
[2026-04-05T23:05:42.254+08:00] locateFields [ 'locate' ]
[2026-04-05T23:08:31.648+08:00] actionInActionSpace matched {
  name: 'Scroll',
  description: 'Scroll the page or a scrollable element to browse content. This is the preferred way to scroll on all platforms, including mobile. Supports scrollToBottom/scrollToTop for boundary navigation. Default: direction `down`, scrollType `singleAction`, distance `null`.',
  interfaceAlias: 'aiScroll',
  paramSchema: ZodObject {
    spa: [Function: bound safeParseAsync] AsyncFunction,
    _def: {
      shape: [Function: shape],
      unknownKeys: 'strip',
      catchall: [ZodNever],
      typeName: 'ZodObject'
    },
    parse: [Function: bound parse],
    safeParse: [Function: bound safeParse],
    parseAsync: [Function: bound parseAsync] AsyncFunction,
    safeParseAsync: [Function: bound safeParseAsync] AsyncFunction,
    refine: [Function: bound refine],
    refinement: [Function: bound refinement],
    superRefine: [Function: bound superRefine],
    optional: [Function: bound optional],
    nullable: [Function: bound nullable],
    nullish: [Function: bound nullish],
    array: [Function: bound array],
    promise: [Function: bound promise],
    or: [Function: bound or],
    and: [Function: bound and],
    transform: [Function: bound transform],
    brand: [Function: bound brand],
    default: [Function: bound default],
    catch: [Function: bound catch],
    describe: [Function: bound describe],
    pipe: [Function: bound pipe],
    readonly: [Function: bound readonly],
    isNullable: [Function: bound isNullable],
    isOptional: [Function: bound isOptional],
    '~standard': { version: 1, vendor: 'zod', validate: [Function: validate] },
    _cached: null,
    nonstrict: [Function: passthrough],
    augment: [Function: extend]
  },
  sample: {
    direction: 'down',
    scrollType: 'singleAction',
    locate: { prompt: 'the center of the product list area' }
  },
  call: [AsyncFunction (anonymous)]
}
[2026-04-05T23:08:31.648+08:00] locateFields [ 'locate' ]
[2026-04-05T23:08:36.210+08:00] actionInActionSpace matched {
  name: 'Scroll',
  description: 'Scroll the page or a scrollable element to browse content. This is the preferred way to scroll on all platforms, including mobile. Supports scrollToBottom/scrollToTop for boundary navigation. Default: direction `down`, scrollType `singleAction`, distance `null`.',
  interfaceAlias: 'aiScroll',
  paramSchema: ZodObject {
    spa: [Function: bound safeParseAsync] AsyncFunction,
    _def: {
      shape: [Function: shape],
      unknownKeys: 'strip',
      catchall: [ZodNever],
      typeName: 'ZodObject'
    },
    parse: [Function: bound parse],
    safeParse: [Function: bound safeParse],
    parseAsync: [Function: bound parseAsync] AsyncFunction,
    safeParseAsync: [Function: bound safeParseAsync] AsyncFunction,
    refine: [Function: bound refine],
    refinement: [Function: bound refinement],
    superRefine: [Function: bound superRefine],
    optional: [Function: bound optional],
    nullable: [Function: bound nullable],
    nullish: [Function: bound nullish],
    array: [Function: bound array],
    promise: [Function: bound promise],
    or: [Function: bound or],
    and: [Function: bound and],
    transform: [Function: bound transform],
    brand: [Function: bound brand],
    default: [Function: bound default],
    catch: [Function: bound catch],
    describe: [Function: bound describe],
    pipe: [Function: bound pipe],
    readonly: [Function: bound readonly],
    isNullable: [Function: bound isNullable],
    isOptional: [Function: bound isOptional],
    '~standard': { version: 1, vendor: 'zod', validate: [Function: validate] },
    _cached: null,
    nonstrict: [Function: passthrough],
    augment: [Function: extend]
  },
  sample: {
    direction: 'down',
    scrollType: 'singleAction',
    locate: { prompt: 'the center of the product list area' }
  },
  call: [AsyncFunction (anonymous)]
}
[2026-04-05T23:08:36.210+08:00] locateFields [ 'locate' ]
[2026-04-05T23:08:36.367+08:00] actionInActionSpace matched {
  name: 'Tap',
  description: 'Tap the element',
  interfaceAlias: 'aiTap',
  paramSchema: ZodObject {
    spa: [Function: bound safeParseAsync] AsyncFunction,
    _def: {
      shape: [Function: shape],
      unknownKeys: 'strip',
      catchall: [ZodNever],
      typeName: 'ZodObject'
    },
    parse: [Function: bound parse],
    safeParse: [Function: bound safeParse],
    parseAsync: [Function: bound parseAsync] AsyncFunction,
    safeParseAsync: [Function: bound safeParseAsync] AsyncFunction,
    refine: [Function: bound refine],
    refinement: [Function: bound refinement],
    superRefine: [Function: bound superRefine],
    optional: [Function: bound optional],
    nullable: [Function: bound nullable],
    nullish: [Function: bound nullish],
    array: [Function: bound array],
    promise: [Function: bound promise],
    or: [Function: bound or],
    and: [Function: bound and],
    transform: [Function: bound transform],
    brand: [Function: bound brand],
    default: [Function: bound default],
    catch: [Function: bound catch],
    describe: [Function: bound describe],
    pipe: [Function: bound pipe],
    readonly: [Function: bound readonly],
    isNullable: [Function: bound isNullable],
    isOptional: [Function: bound isOptional],
    '~standard': { version: 1, vendor: 'zod', validate: [Function: validate] },
    _cached: null,
    nonstrict: [Function: passthrough],
    augment: [Function: extend]
  },
  sample: { locate: { prompt: 'the "Submit" button' } },
  call: [AsyncFunction (anonymous)]
}
[2026-04-05T23:08:36.367+08:00] locateFields [ 'locate' ]
[2026-04-05T23:08:36.682+08:00] actionInActionSpace matched {
  name: 'Tap',
  description: 'Tap the element',
  interfaceAlias: 'aiTap',
  paramSchema: ZodObject {
    spa: [Function: bound safeParseAsync] AsyncFunction,
    _def: {
      shape: [Function: shape],
      unknownKeys: 'strip',
      catchall: [ZodNever],
      typeName: 'ZodObject'
    },
    parse: [Function: bound parse],
    safeParse: [Function: bound safeParse],
    parseAsync: [Function: bound parseAsync] AsyncFunction,
    safeParseAsync: [Function: bound safeParseAsync] AsyncFunction,
    refine: [Function: bound refine],
    refinement: [Function: bound refinement],
    superRefine: [Function: bound superRefine],
    optional: [Function: bound optional],
    nullable: [Function: bound nullable],
    nullish: [Function: bound nullish],
    array: [Function: bound array],
    promise: [Function: bound promise],
    or: [Function: bound or],
    and: [Function: bound and],
    transform: [Function: bound transform],
    brand: [Function: bound brand],
    default: [Function: bound default],
    catch: [Function: bound catch],
    describe: [Function: bound describe],
    pipe: [Function: bound pipe],
    readonly: [Function: bound readonly],
    isNullable: [Function: bound isNullable],
    isOptional: [Function: bound isOptional],
    '~standard': { version: 1, vendor: 'zod', validate: [Function: validate] },
    _cached: null,
    nonstrict: [Function: passthrough],
    augment: [Function: extend]
  },
  sample: { locate: { prompt: 'the "Submit" button' } },
  call: [AsyncFunction (anonymous)]
}
[2026-04-05T23:08:36.682+08:00] locateFields [ 'locate' ]
[2026-04-05T23:08:44.660+08:00] task completed via <complete> tag, stop planning
[2026-04-05T23:08:48.018+08:00] task completed via <complete> tag, stop planning
[2026-04-05T23:08:51.908+08:00] actionInActionSpace matched {
  name: 'Tap',
  description: 'Tap the element',
  interfaceAlias: 'aiTap',
  paramSchema: ZodObject {
    spa: [Function: bound safeParseAsync] AsyncFunction,
    _def: {
      shape: [Function: shape],
      unknownKeys: 'strip',
      catchall: [ZodNever],
      typeName: 'ZodObject'
    },
    parse: [Function: bound parse],
    safeParse: [Function: bound safeParse],
    parseAsync: [Function: bound parseAsync] AsyncFunction,
    safeParseAsync: [Function: bound safeParseAsync] AsyncFunction,
    refine: [Function: bound refine],
    refinement: [Function: bound refinement],
    superRefine: [Function: bound superRefine],
    optional: [Function: bound optional],
    nullable: [Function: bound nullable],
    nullish: [Function: bound nullish],
    array: [Function: bound array],
    promise: [Function: bound promise],
    or: [Function: bound or],
    and: [Function: bound and],
    transform: [Function: bound transform],
    brand: [Function: bound brand],
    default: [Function: bound default],
    catch: [Function: bound catch],
    describe: [Function: bound describe],
    pipe: [Function: bound pipe],
    readonly: [Function: bound readonly],
    isNullable: [Function: bound isNullable],
    isOptional: [Function: bound isOptional],
    '~standard': { version: 1, vendor: 'zod', validate: [Function: validate] },
    _cached: null,
    nonstrict: [Function: passthrough],
    augment: [Function: extend]
  },
  sample: { locate: { prompt: 'the "Submit" button' } },
  call: [AsyncFunction (anonymous)]
}
[2026-04-05T23:08:51.908+08:00] locateFields [ 'locate' ]
[2026-04-05T23:08:52.117+08:00] actionInActionSpace matched {
  name: 'Scroll',
  description: 'Scroll the page or a scrollable element to browse content. This is the preferred way to scroll on all platforms, including mobile. Supports scrollToBottom/scrollToTop for boundary navigation. Default: direction `down`, scrollType `singleAction`, distance `null`.',
  interfaceAlias: 'aiScroll',
  paramSchema: ZodObject {
    spa: [Function: bound safeParseAsync] AsyncFunction,
    _def: {
      shape: [Function: shape],
      unknownKeys: 'strip',
      catchall: [ZodNever],
      typeName: 'ZodObject'
    },
    parse: [Function: bound parse],
    safeParse: [Function: bound safeParse],
    parseAsync: [Function: bound parseAsync] AsyncFunction,
    safeParseAsync: [Function: bound safeParseAsync] AsyncFunction,
    refine: [Function: bound refine],
    refinement: [Function: bound refinement],
    superRefine: [Function: bound superRefine],
    optional: [Function: bound optional],
    nullable: [Function: bound nullable],
    nullish: [Function: bound nullish],
    array: [Function: bound array],
    promise: [Function: bound promise],
    or: [Function: bound or],
    and: [Function: bound and],
    transform: [Function: bound transform],
    brand: [Function: bound brand],
    default: [Function: bound default],
    catch: [Function: bound catch],
    describe: [Function: bound describe],
    pipe: [Function: bound pipe],
    readonly: [Function: bound readonly],
    isNullable: [Function: bound isNullable],
    isOptional: [Function: bound isOptional],
    '~standard': { version: 1, vendor: 'zod', validate: [Function: validate] },
    _cached: { shape: [Object], keys: [Array] },
    nonstrict: [Function: passthrough],
    augment: [Function: extend]
  },
  sample: {
    direction: 'down',
    scrollType: 'singleAction',
    locate: { prompt: 'the center of the product list area' }
  },
  call: [AsyncFunction (anonymous)]
}
[2026-04-05T23:08:52.117+08:00] locateFields [ 'locate' ]
[2026-04-05T23:08:57.423+08:00] task completed via <complete> tag, stop planning
[2026-04-05T23:09:06.857+08:00] actionInActionSpace matched {
  name: 'Scroll',
  description: 'Scroll the page or a scrollable element to browse content. This is the preferred way to scroll on all platforms, including mobile. Supports scrollToBottom/scrollToTop for boundary navigation. Default: direction `down`, scrollType `singleAction`, distance `null`.',
  interfaceAlias: 'aiScroll',
  paramSchema: ZodObject {
    spa: [Function: bound safeParseAsync] AsyncFunction,
    _def: {
      shape: [Function: shape],
      unknownKeys: 'strip',
      catchall: [ZodNever],
      typeName: 'ZodObject'
    },
    parse: [Function: bound parse],
    safeParse: [Function: bound safeParse],
    parseAsync: [Function: bound parseAsync] AsyncFunction,
    safeParseAsync: [Function: bound safeParseAsync] AsyncFunction,
    refine: [Function: bound refine],
    refinement: [Function: bound refinement],
    superRefine: [Function: bound superRefine],
    optional: [Function: bound optional],
    nullable: [Function: bound nullable],
    nullish: [Function: bound nullish],
    array: [Function: bound array],
    promise: [Function: bound promise],
    or: [Function: bound or],
    and: [Function: bound and],
    transform: [Function: bound transform],
    brand: [Function: bound brand],
    default: [Function: bound default],
    catch: [Function: bound catch],
    describe: [Function: bound describe],
    pipe: [Function: bound pipe],
    readonly: [Function: bound readonly],
    isNullable: [Function: bound isNullable],
    isOptional: [Function: bound isOptional],
    '~standard': { version: 1, vendor: 'zod', validate: [Function: validate] },
    _cached: { shape: [Object], keys: [Array] },
    nonstrict: [Function: passthrough],
    augment: [Function: extend]
  },
  sample: {
    direction: 'down',
    scrollType: 'singleAction',
    locate: { prompt: 'the center of the product list area' }
  },
  call: [AsyncFunction (anonymous)]
}
[2026-04-05T23:09:06.857+08:00] locateFields [ 'locate' ]
[2026-04-05T23:09:11.411+08:00] actionInActionSpace matched {
  name: 'Tap',
  description: 'Tap the element',
  interfaceAlias: 'aiTap',
  paramSchema: ZodObject {
    spa: [Function: bound safeParseAsync] AsyncFunction,
    _def: {
      shape: [Function: shape],
      unknownKeys: 'strip',
      catchall: [ZodNever],
      typeName: 'ZodObject'
    },
    parse: [Function: bound parse],
    safeParse: [Function: bound safeParse],
    parseAsync: [Function: bound parseAsync] AsyncFunction,
    safeParseAsync: [Function: bound safeParseAsync] AsyncFunction,
    refine: [Function: bound refine],
    refinement: [Function: bound refinement],
    superRefine: [Function: bound superRefine],
    optional: [Function: bound optional],
    nullable: [Function: bound nullable],
    nullish: [Function: bound nullish],
    array: [Function: bound array],
    promise: [Function: bound promise],
    or: [Function: bound or],
    and: [Function: bound and],
    transform: [Function: bound transform],
    brand: [Function: bound brand],
    default: [Function: bound default],
    catch: [Function: bound catch],
    describe: [Function: bound describe],
    pipe: [Function: bound pipe],
    readonly: [Function: bound readonly],
    isNullable: [Function: bound isNullable],
    isOptional: [Function: bound isOptional],
    '~standard': { version: 1, vendor: 'zod', validate: [Function: validate] },
    _cached: { shape: [Object], keys: [Array] },
    nonstrict: [Function: passthrough],
    augment: [Function: extend]
  },
  sample: { locate: { prompt: 'the "Submit" button' } },
  call: [AsyncFunction (anonymous)]
}
[2026-04-05T23:09:11.411+08:00] locateFields [ 'locate' ]
[2026-04-05T23:09:15.594+08:00] actionInActionSpace matched {
  name: 'Input',
  description: 'Input the value into the element',
  interfaceAlias: 'aiInput',
  paramSchema: ZodObject {
    spa: [Function: bound safeParseAsync] AsyncFunction,
    _def: {
      shape: [Function: shape],
      unknownKeys: 'strip',
      catchall: [ZodNever],
      typeName: 'ZodObject'
    },
    parse: [Function: bound parse],
    safeParse: [Function: bound safeParse],
    parseAsync: [Function: bound parseAsync] AsyncFunction,
    safeParseAsync: [Function: bound safeParseAsync] AsyncFunction,
    refine: [Function: bound refine],
    refinement: [Function: bound refinement],
    superRefine: [Function: bound superRefine],
    optional: [Function: bound optional],
    nullable: [Function: bound nullable],
    nullish: [Function: bound nullish],
    array: [Function: bound array],
    promise: [Function: bound promise],
    or: [Function: bound or],
    and: [Function: bound and],
    transform: [Function: bound transform],
    brand: [Function: bound brand],
    default: [Function: bound default],
    catch: [Function: bound catch],
    describe: [Function: bound describe],
    pipe: [Function: bound pipe],
    readonly: [Function: bound readonly],
    isNullable: [Function: bound isNullable],
    isOptional: [Function: bound isOptional],
    '~standard': { version: 1, vendor: 'zod', validate: [Function: validate] },
    _cached: null,
    nonstrict: [Function: passthrough],
    augment: [Function: extend]
  },
  sample: {
    value: 'test@example.com',
    locate: { prompt: 'the email input field' }
  },
  call: [Function: call]
}
[2026-04-05T23:09:15.594+08:00] locateFields [ 'locate' ]
[2026-04-05T23:09:23.103+08:00] actionInActionSpace matched {
  name: 'Scroll',
  description: 'Scroll the page or a scrollable element to browse content. This is the preferred way to scroll on all platforms, including mobile. Supports scrollToBottom/scrollToTop for boundary navigation. Default: direction `down`, scrollType `singleAction`, distance `null`.',
  interfaceAlias: 'aiScroll',
  paramSchema: ZodObject {
    spa: [Function: bound safeParseAsync] AsyncFunction,
    _def: {
      shape: [Function: shape],
      unknownKeys: 'strip',
      catchall: [ZodNever],
      typeName: 'ZodObject'
    },
    parse: [Function: bound parse],
    safeParse: [Function: bound safeParse],
    parseAsync: [Function: bound parseAsync] AsyncFunction,
    safeParseAsync: [Function: bound safeParseAsync] AsyncFunction,
    refine: [Function: bound refine],
    refinement: [Function: bound refinement],
    superRefine: [Function: bound superRefine],
    optional: [Function: bound optional],
    nullable: [Function: bound nullable],
    nullish: [Function: bound nullish],
    array: [Function: bound array],
    promise: [Function: bound promise],
    or: [Function: bound or],
    and: [Function: bound and],
    transform: [Function: bound transform],
    brand: [Function: bound brand],
    default: [Function: bound default],
    catch: [Function: bound catch],
    describe: [Function: bound describe],
    pipe: [Function: bound pipe],
    readonly: [Function: bound readonly],
    isNullable: [Function: bound isNullable],
    isOptional: [Function: bound isOptional],
    '~standard': { version: 1, vendor: 'zod', validate: [Function: validate] },
    _cached: { shape: [Object], keys: [Array] },
    nonstrict: [Function: passthrough],
    augment: [Function: extend]
  },
  sample: {
    direction: 'down',
    scrollType: 'singleAction',
    locate: { prompt: 'the center of the product list area' }
  },
  call: [AsyncFunction (anonymous)]
}
[2026-04-05T23:09:23.103+08:00] locateFields [ 'locate' ]
[2026-04-05T23:09:25.769+08:00] task completed via <complete> tag, stop planning
[2026-04-05T23:09:33.150+08:00] actionInActionSpace matched {
  name: 'Tap',
  description: 'Tap the element',
  interfaceAlias: 'aiTap',
  paramSchema: ZodObject {
    spa: [Function: bound safeParseAsync] AsyncFunction,
    _def: {
      shape: [Function: shape],
      unknownKeys: 'strip',
      catchall: [ZodNever],
      typeName: 'ZodObject'
    },
    parse: [Function: bound parse],
    safeParse: [Function: bound safeParse],
    parseAsync: [Function: bound parseAsync] AsyncFunction,
    safeParseAsync: [Function: bound safeParseAsync] AsyncFunction,
    refine: [Function: bound refine],
    refinement: [Function: bound refinement],
    superRefine: [Function: bound superRefine],
    optional: [Function: bound optional],
    nullable: [Function: bound nullable],
    nullish: [Function: bound nullish],
    array: [Function: bound array],
    promise: [Function: bound promise],
    or: [Function: bound or],
    and: [Function: bound and],
    transform: [Function: bound transform],
    brand: [Function: bound brand],
    default: [Function: bound default],
    catch: [Function: bound catch],
    describe: [Function: bound describe],
    pipe: [Function: bound pipe],
    readonly: [Function: bound readonly],
    isNullable: [Function: bound isNullable],
    isOptional: [Function: bound isOptional],
    '~standard': { version: 1, vendor: 'zod', validate: [Function: validate] },
    _cached: { shape: [Object], keys: [Array] },
    nonstrict: [Function: passthrough],
    augment: [Function: extend]
  },
  sample: { locate: { prompt: 'the "Submit" button' } },
  call: [AsyncFunction (anonymous)]
}
[2026-04-05T23:09:33.150+08:00] locateFields [ 'locate' ]
[2026-04-05T23:09:36.099+08:00] actionInActionSpace matched {
  name: 'Scroll',
  description: 'Scroll the page or a scrollable element to browse content. This is the preferred way to scroll on all platforms, including mobile. Supports scrollToBottom/scrollToTop for boundary navigation. Default: direction `down`, scrollType `singleAction`, distance `null`.',
  interfaceAlias: 'aiScroll',
  paramSchema: ZodObject {
    spa: [Function: bound safeParseAsync] AsyncFunction,
    _def: {
      shape: [Function: shape],
      unknownKeys: 'strip',
      catchall: [ZodNever],
      typeName: 'ZodObject'
    },
    parse: [Function: bound parse],
    safeParse: [Function: bound safeParse],
    parseAsync: [Function: bound parseAsync] AsyncFunction,
    safeParseAsync: [Function: bound safeParseAsync] AsyncFunction,
    refine: [Function: bound refine],
    refinement: [Function: bound refinement],
    superRefine: [Function: bound superRefine],
    optional: [Function: bound optional],
    nullable: [Function: bound nullable],
    nullish: [Function: bound nullish],
    array: [Function: bound array],
    promise: [Function: bound promise],
    or: [Function: bound or],
    and: [Function: bound and],
    transform: [Function: bound transform],
    brand: [Function: bound brand],
    default: [Function: bound default],
    catch: [Function: bound catch],
    describe: [Function: bound describe],
    pipe: [Function: bound pipe],
    readonly: [Function: bound readonly],
    isNullable: [Function: bound isNullable],
    isOptional: [Function: bound isOptional],
    '~standard': { version: 1, vendor: 'zod', validate: [Function: validate] },
    _cached: { shape: [Object], keys: [Array] },
    nonstrict: [Function: passthrough],
    augment: [Function: extend]
  },
  sample: {
    direction: 'down',
    scrollType: 'singleAction',
    locate: { prompt: 'the center of the product list area' }
  },
  call: [AsyncFunction (anonymous)]
}
[2026-04-05T23:09:36.099+08:00] locateFields [ 'locate' ]
[2026-04-05T23:09:37.598+08:00] actionInActionSpace matched {
  name: 'Input',
  description: 'Input the value into the element',
  interfaceAlias: 'aiInput',
  paramSchema: ZodObject {
    spa: [Function: bound safeParseAsync] AsyncFunction,
    _def: {
      shape: [Function: shape],
      unknownKeys: 'strip',
      catchall: [ZodNever],
      typeName: 'ZodObject'
    },
    parse: [Function: bound parse],
    safeParse: [Function: bound safeParse],
    parseAsync: [Function: bound parseAsync] AsyncFunction,
    safeParseAsync: [Function: bound safeParseAsync] AsyncFunction,
    refine: [Function: bound refine],
    refinement: [Function: bound refinement],
    superRefine: [Function: bound superRefine],
    optional: [Function: bound optional],
    nullable: [Function: bound nullable],
    nullish: [Function: bound nullish],
    array: [Function: bound array],
    promise: [Function: bound promise],
    or: [Function: bound or],
    and: [Function: bound and],
    transform: [Function: bound transform],
    brand: [Function: bound brand],
    default: [Function: bound default],
    catch: [Function: bound catch],
    describe: [Function: bound describe],
    pipe: [Function: bound pipe],
    readonly: [Function: bound readonly],
    isNullable: [Function: bound isNullable],
    isOptional: [Function: bound isOptional],
    '~standard': { version: 1, vendor: 'zod', validate: [Function: validate] },
    _cached: { shape: [Object], keys: [Array] },
    nonstrict: [Function: passthrough],
    augment: [Function: extend]
  },
  sample: {
    value: 'test@example.com',
    locate: { prompt: 'the email input field' }
  },
  call: [Function: call]
}
[2026-04-05T23:09:37.598+08:00] locateFields [ 'locate' ]
[2026-04-05T23:09:45.957+08:00] task completed via <complete> tag, stop planning
[2026-04-05T23:11:45.423+08:00] actionInActionSpace matched {
  name: 'Scroll',
  description: 'Scroll the page or a scrollable element to browse content. This is the preferred way to scroll on all platforms, including mobile. Supports scrollToBottom/scrollToTop for boundary navigation. Default: direction `down`, scrollType `singleAction`, distance `null`.',
  interfaceAlias: 'aiScroll',
  paramSchema: ZodObject {
    spa: [Function: bound safeParseAsync] AsyncFunction,
    _def: {
      shape: [Function: shape],
      unknownKeys: 'strip',
      catchall: [ZodNever],
      typeName: 'ZodObject'
    },
    parse: [Function: bound parse],
    safeParse: [Function: bound safeParse],
    parseAsync: [Function: bound parseAsync] AsyncFunction,
    safeParseAsync: [Function: bound safeParseAsync] AsyncFunction,
    refine: [Function: bound refine],
    refinement: [Function: bound refinement],
    superRefine: [Function: bound superRefine],
    optional: [Function: bound optional],
    nullable: [Function: bound nullable],
    nullish: [Function: bound nullish],
    array: [Function: bound array],
    promise: [Function: bound promise],
    or: [Function: bound or],
    and: [Function: bound and],
    transform: [Function: bound transform],
    brand: [Function: bound brand],
    default: [Function: bound default],
    catch: [Function: bound catch],
    describe: [Function: bound describe],
    pipe: [Function: bound pipe],
    readonly: [Function: bound readonly],
    isNullable: [Function: bound isNullable],
    isOptional: [Function: bound isOptional],
    '~standard': { version: 1, vendor: 'zod', validate: [Function: validate] },
    _cached: null,
    nonstrict: [Function: passthrough],
    augment: [Function: extend]
  },
  sample: {
    direction: 'down',
    scrollType: 'singleAction',
    locate: { prompt: 'the center of the product list area' }
  },
  call: [AsyncFunction (anonymous)]
}
[2026-04-05T23:11:45.423+08:00] locateFields [ 'locate' ]
[2026-04-05T23:11:45.502+08:00] actionInActionSpace matched {
  name: 'Scroll',
  description: 'Scroll the page or a scrollable element to browse content. This is the preferred way to scroll on all platforms, including mobile. Supports scrollToBottom/scrollToTop for boundary navigation. Default: direction `down`, scrollType `singleAction`, distance `null`.',
  interfaceAlias: 'aiScroll',
  paramSchema: ZodObject {
    spa: [Function: bound safeParseAsync] AsyncFunction,
    _def: {
      shape: [Function: shape],
      unknownKeys: 'strip',
      catchall: [ZodNever],
      typeName: 'ZodObject'
    },
    parse: [Function: bound parse],
    safeParse: [Function: bound safeParse],
    parseAsync: [Function: bound parseAsync] AsyncFunction,
    safeParseAsync: [Function: bound safeParseAsync] AsyncFunction,
    refine: [Function: bound refine],
    refinement: [Function: bound refinement],
    superRefine: [Function: bound superRefine],
    optional: [Function: bound optional],
    nullable: [Function: bound nullable],
    nullish: [Function: bound nullish],
    array: [Function: bound array],
    promise: [Function: bound promise],
    or: [Function: bound or],
    and: [Function: bound and],
    transform: [Function: bound transform],
    brand: [Function: bound brand],
    default: [Function: bound default],
    catch: [Function: bound catch],
    describe: [Function: bound describe],
    pipe: [Function: bound pipe],
    readonly: [Function: bound readonly],
    isNullable: [Function: bound isNullable],
    isOptional: [Function: bound isOptional],
    '~standard': { version: 1, vendor: 'zod', validate: [Function: validate] },
    _cached: null,
    nonstrict: [Function: passthrough],
    augment: [Function: extend]
  },
  sample: {
    direction: 'down',
    scrollType: 'singleAction',
    locate: { prompt: 'the center of the product list area' }
  },
  call: [AsyncFunction (anonymous)]
}
[2026-04-05T23:11:45.502+08:00] locateFields [ 'locate' ]
[2026-04-05T23:11:56.127+08:00] actionInActionSpace matched {
  name: 'Scroll',
  description: 'Scroll the page or a scrollable element to browse content. This is the preferred way to scroll on all platforms, including mobile. Supports scrollToBottom/scrollToTop for boundary navigation. Default: direction `down`, scrollType `singleAction`, distance `null`.',
  interfaceAlias: 'aiScroll',
  paramSchema: ZodObject {
    spa: [Function: bound safeParseAsync] AsyncFunction,
    _def: {
      shape: [Function: shape],
      unknownKeys: 'strip',
      catchall: [ZodNever],
      typeName: 'ZodObject'
    },
    parse: [Function: bound parse],
    safeParse: [Function: bound safeParse],
    parseAsync: [Function: bound parseAsync] AsyncFunction,
    safeParseAsync: [Function: bound safeParseAsync] AsyncFunction,
    refine: [Function: bound refine],
    refinement: [Function: bound refinement],
    superRefine: [Function: bound superRefine],
    optional: [Function: bound optional],
    nullable: [Function: bound nullable],
    nullish: [Function: bound nullish],
    array: [Function: bound array],
    promise: [Function: bound promise],
    or: [Function: bound or],
    and: [Function: bound and],
    transform: [Function: bound transform],
    brand: [Function: bound brand],
    default: [Function: bound default],
    catch: [Function: bound catch],
    describe: [Function: bound describe],
    pipe: [Function: bound pipe],
    readonly: [Function: bound readonly],
    isNullable: [Function: bound isNullable],
    isOptional: [Function: bound isOptional],
    '~standard': { version: 1, vendor: 'zod', validate: [Function: validate] },
    _cached: { shape: [Object], keys: [Array] },
    nonstrict: [Function: passthrough],
    augment: [Function: extend]
  },
  sample: {
    direction: 'down',
    scrollType: 'singleAction',
    locate: { prompt: 'the center of the product list area' }
  },
  call: [AsyncFunction (anonymous)]
}
[2026-04-05T23:11:56.127+08:00] locateFields [ 'locate' ]
[2026-04-05T23:12:09.853+08:00] actionInActionSpace matched {
  name: 'Scroll',
  description: 'Scroll the page or a scrollable element to browse content. This is the preferred way to scroll on all platforms, including mobile. Supports scrollToBottom/scrollToTop for boundary navigation. Default: direction `down`, scrollType `singleAction`, distance `null`.',
  interfaceAlias: 'aiScroll',
  paramSchema: ZodObject {
    spa: [Function: bound safeParseAsync] AsyncFunction,
    _def: {
      shape: [Function: shape],
      unknownKeys: 'strip',
      catchall: [ZodNever],
      typeName: 'ZodObject'
    },
    parse: [Function: bound parse],
    safeParse: [Function: bound safeParse],
    parseAsync: [Function: bound parseAsync] AsyncFunction,
    safeParseAsync: [Function: bound safeParseAsync] AsyncFunction,
    refine: [Function: bound refine],
    refinement: [Function: bound refinement],
    superRefine: [Function: bound superRefine],
    optional: [Function: bound optional],
    nullable: [Function: bound nullable],
    nullish: [Function: bound nullish],
    array: [Function: bound array],
    promise: [Function: bound promise],
    or: [Function: bound or],
    and: [Function: bound and],
    transform: [Function: bound transform],
    brand: [Function: bound brand],
    default: [Function: bound default],
    catch: [Function: bound catch],
    describe: [Function: bound describe],
    pipe: [Function: bound pipe],
    readonly: [Function: bound readonly],
    isNullable: [Function: bound isNullable],
    isOptional: [Function: bound isOptional],
    '~standard': { version: 1, vendor: 'zod', validate: [Function: validate] },
    _cached: { shape: [Object], keys: [Array] },
    nonstrict: [Function: passthrough],
    augment: [Function: extend]
  },
  sample: {
    direction: 'down',
    scrollType: 'singleAction',
    locate: { prompt: 'the center of the product list area' }
  },
  call: [AsyncFunction (anonymous)]
}
[2026-04-05T23:12:09.854+08:00] locateFields [ 'locate' ]
[2026-04-05T23:12:10.116+08:00] actionInActionSpace matched {
  name: 'Tap',
  description: 'Tap the element',
  interfaceAlias: 'aiTap',
  paramSchema: ZodObject {
    spa: [Function: bound safeParseAsync] AsyncFunction,
    _def: {
      shape: [Function: shape],
      unknownKeys: 'strip',
      catchall: [ZodNever],
      typeName: 'ZodObject'
    },
    parse: [Function: bound parse],
    safeParse: [Function: bound safeParse],
    parseAsync: [Function: bound parseAsync] AsyncFunction,
    safeParseAsync: [Function: bound safeParseAsync] AsyncFunction,
    refine: [Function: bound refine],
    refinement: [Function: bound refinement],
    superRefine: [Function: bound superRefine],
    optional: [Function: bound optional],
    nullable: [Function: bound nullable],
    nullish: [Function: bound nullish],
    array: [Function: bound array],
    promise: [Function: bound promise],
    or: [Function: bound or],
    and: [Function: bound and],
    transform: [Function: bound transform],
    brand: [Function: bound brand],
    default: [Function: bound default],
    catch: [Function: bound catch],
    describe: [Function: bound describe],
    pipe: [Function: bound pipe],
    readonly: [Function: bound readonly],
    isNullable: [Function: bound isNullable],
    isOptional: [Function: bound isOptional],
    '~standard': { version: 1, vendor: 'zod', validate: [Function: validate] },
    _cached: null,
    nonstrict: [Function: passthrough],
    augment: [Function: extend]
  },
  sample: { locate: { prompt: 'the "Submit" button' } },
  call: [AsyncFunction (anonymous)]
}
[2026-04-05T23:12:10.116+08:00] locateFields [ 'locate' ]
[2026-04-05T23:12:13.757+08:00] actionInActionSpace matched {
  name: 'Tap',
  description: 'Tap the element',
  interfaceAlias: 'aiTap',
  paramSchema: ZodObject {
    spa: [Function: bound safeParseAsync] AsyncFunction,
    _def: {
      shape: [Function: shape],
      unknownKeys: 'strip',
      catchall: [ZodNever],
      typeName: 'ZodObject'
    },
    parse: [Function: bound parse],
    safeParse: [Function: bound safeParse],
    parseAsync: [Function: bound parseAsync] AsyncFunction,
    safeParseAsync: [Function: bound safeParseAsync] AsyncFunction,
    refine: [Function: bound refine],
    refinement: [Function: bound refinement],
    superRefine: [Function: bound superRefine],
    optional: [Function: bound optional],
    nullable: [Function: bound nullable],
    nullish: [Function: bound nullish],
    array: [Function: bound array],
    promise: [Function: bound promise],
    or: [Function: bound or],
    and: [Function: bound and],
    transform: [Function: bound transform],
    brand: [Function: bound brand],
    default: [Function: bound default],
    catch: [Function: bound catch],
    describe: [Function: bound describe],
    pipe: [Function: bound pipe],
    readonly: [Function: bound readonly],
    isNullable: [Function: bound isNullable],
    isOptional: [Function: bound isOptional],
    '~standard': { version: 1, vendor: 'zod', validate: [Function: validate] },
    _cached: null,
    nonstrict: [Function: passthrough],
    augment: [Function: extend]
  },
  sample: { locate: { prompt: 'the "Submit" button' } },
  call: [AsyncFunction (anonymous)]
}
[2026-04-05T23:12:13.757+08:00] locateFields [ 'locate' ]
[2026-04-05T23:12:19.686+08:00] actionInActionSpace matched {
  name: 'Tap',
  description: 'Tap the element',
  interfaceAlias: 'aiTap',
  paramSchema: ZodObject {
    spa: [Function: bound safeParseAsync] AsyncFunction,
    _def: {
      shape: [Function: shape],
      unknownKeys: 'strip',
      catchall: [ZodNever],
      typeName: 'ZodObject'
    },
    parse: [Function: bound parse],
    safeParse: [Function: bound safeParse],
    parseAsync: [Function: bound parseAsync] AsyncFunction,
    safeParseAsync: [Function: bound safeParseAsync] AsyncFunction,
    refine: [Function: bound refine],
    refinement: [Function: bound refinement],
    superRefine: [Function: bound superRefine],
    optional: [Function: bound optional],
    nullable: [Function: bound nullable],
    nullish: [Function: bound nullish],
    array: [Function: bound array],
    promise: [Function: bound promise],
    or: [Function: bound or],
    and: [Function: bound and],
    transform: [Function: bound transform],
    brand: [Function: bound brand],
    default: [Function: bound default],
    catch: [Function: bound catch],
    describe: [Function: bound describe],
    pipe: [Function: bound pipe],
    readonly: [Function: bound readonly],
    isNullable: [Function: bound isNullable],
    isOptional: [Function: bound isOptional],
    '~standard': { version: 1, vendor: 'zod', validate: [Function: validate] },
    _cached: null,
    nonstrict: [Function: passthrough],
    augment: [Function: extend]
  },
  sample: { locate: { prompt: 'the "Submit" button' } },
  call: [AsyncFunction (anonymous)]
}
[2026-04-05T23:12:19.686+08:00] locateFields [ 'locate' ]
[2026-04-05T23:12:19.911+08:00] actionInActionSpace matched {
  name: 'Tap',
  description: 'Tap the element',
  interfaceAlias: 'aiTap',
  paramSchema: ZodObject {
    spa: [Function: bound safeParseAsync] AsyncFunction,
    _def: {
      shape: [Function: shape],
      unknownKeys: 'strip',
      catchall: [ZodNever],
      typeName: 'ZodObject'
    },
    parse: [Function: bound parse],
    safeParse: [Function: bound safeParse],
    parseAsync: [Function: bound parseAsync] AsyncFunction,
    safeParseAsync: [Function: bound safeParseAsync] AsyncFunction,
    refine: [Function: bound refine],
    refinement: [Function: bound refinement],
    superRefine: [Function: bound superRefine],
    optional: [Function: bound optional],
    nullable: [Function: bound nullable],
    nullish: [Function: bound nullish],
    array: [Function: bound array],
    promise: [Function: bound promise],
    or: [Function: bound or],
    and: [Function: bound and],
    transform: [Function: bound transform],
    brand: [Function: bound brand],
    default: [Function: bound default],
    catch: [Function: bound catch],
    describe: [Function: bound describe],
    pipe: [Function: bound pipe],
    readonly: [Function: bound readonly],
    isNullable: [Function: bound isNullable],
    isOptional: [Function: bound isOptional],
    '~standard': { version: 1, vendor: 'zod', validate: [Function: validate] },
    _cached: null,
    nonstrict: [Function: passthrough],
    augment: [Function: extend]
  },
  sample: { locate: { prompt: 'the "Submit" button' } },
  call: [AsyncFunction (anonymous)]
}
[2026-04-05T23:12:19.911+08:00] locateFields [ 'locate' ]
[2026-04-05T23:12:23.643+08:00] task completed via <complete> tag, stop planning
[2026-04-05T23:12:25.116+08:00] task completed via <complete> tag, stop planning
[2026-04-05T23:12:29.020+08:00] actionInActionSpace matched {
  name: 'Tap',
  description: 'Tap the element',
  interfaceAlias: 'aiTap',
  paramSchema: ZodObject {
    spa: [Function: bound safeParseAsync] AsyncFunction,
    _def: {
      shape: [Function: shape],
      unknownKeys: 'strip',
      catchall: [ZodNever],
      typeName: 'ZodObject'
    },
    parse: [Function: bound parse],
    safeParse: [Function: bound safeParse],
    parseAsync: [Function: bound parseAsync] AsyncFunction,
    safeParseAsync: [Function: bound safeParseAsync] AsyncFunction,
    refine: [Function: bound refine],
    refinement: [Function: bound refinement],
    superRefine: [Function: bound superRefine],
    optional: [Function: bound optional],
    nullable: [Function: bound nullable],
    nullish: [Function: bound nullish],
    array: [Function: bound array],
    promise: [Function: bound promise],
    or: [Function: bound or],
    and: [Function: bound and],
    transform: [Function: bound transform],
    brand: [Function: bound brand],
    default: [Function: bound default],
    catch: [Function: bound catch],
    describe: [Function: bound describe],
    pipe: [Function: bound pipe],
    readonly: [Function: bound readonly],
    isNullable: [Function: bound isNullable],
    isOptional: [Function: bound isOptional],
    '~standard': { version: 1, vendor: 'zod', validate: [Function: validate] },
    _cached: { shape: [Object], keys: [Array] },
    nonstrict: [Function: passthrough],
    augment: [Function: extend]
  },
  sample: { locate: { prompt: 'the "Submit" button' } },
  call: [AsyncFunction (anonymous)]
}
[2026-04-05T23:12:29.020+08:00] locateFields [ 'locate' ]
[2026-04-05T23:12:30.542+08:00] task completed via <complete> tag, stop planning
[2026-04-05T23:12:37.124+08:00] task completed via <complete> tag, stop planning
[2026-04-05T23:12:39.391+08:00] actionInActionSpace matched {
  name: 'Input',
  description: 'Input the value into the element',
  interfaceAlias: 'aiInput',
  paramSchema: ZodObject {
    spa: [Function: bound safeParseAsync] AsyncFunction,
    _def: {
      shape: [Function: shape],
      unknownKeys: 'strip',
      catchall: [ZodNever],
      typeName: 'ZodObject'
    },
    parse: [Function: bound parse],
    safeParse: [Function: bound safeParse],
    parseAsync: [Function: bound parseAsync] AsyncFunction,
    safeParseAsync: [Function: bound safeParseAsync] AsyncFunction,
    refine: [Function: bound refine],
    refinement: [Function: bound refinement],
    superRefine: [Function: bound superRefine],
    optional: [Function: bound optional],
    nullable: [Function: bound nullable],
    nullish: [Function: bound nullish],
    array: [Function: bound array],
    promise: [Function: bound promise],
    or: [Function: bound or],
    and: [Function: bound and],
    transform: [Function: bound transform],
    brand: [Function: bound brand],
    default: [Function: bound default],
    catch: [Function: bound catch],
    describe: [Function: bound describe],
    pipe: [Function: bound pipe],
    readonly: [Function: bound readonly],
    isNullable: [Function: bound isNullable],
    isOptional: [Function: bound isOptional],
    '~standard': { version: 1, vendor: 'zod', validate: [Function: validate] },
    _cached: null,
    nonstrict: [Function: passthrough],
    augment: [Function: extend]
  },
  sample: {
    value: 'test@example.com',
    locate: { prompt: 'the email input field' }
  },
  call: [Function: call]
}
[2026-04-05T23:12:39.391+08:00] locateFields [ 'locate' ]
[2026-04-05T23:12:47.385+08:00] task completed via <complete> tag, stop planning
[2026-04-05T23:12:52.943+08:00] actionInActionSpace matched {
  name: 'Tap',
  description: 'Tap the element',
  interfaceAlias: 'aiTap',
  paramSchema: ZodObject {
    spa: [Function: bound safeParseAsync] AsyncFunction,
    _def: {
      shape: [Function: shape],
      unknownKeys: 'strip',
      catchall: [ZodNever],
      typeName: 'ZodObject'
    },
    parse: [Function: bound parse],
    safeParse: [Function: bound safeParse],
    parseAsync: [Function: bound parseAsync] AsyncFunction,
    safeParseAsync: [Function: bound safeParseAsync] AsyncFunction,
    refine: [Function: bound refine],
    refinement: [Function: bound refinement],
    superRefine: [Function: bound superRefine],
    optional: [Function: bound optional],
    nullable: [Function: bound nullable],
    nullish: [Function: bound nullish],
    array: [Function: bound array],
    promise: [Function: bound promise],
    or: [Function: bound or],
    and: [Function: bound and],
    transform: [Function: bound transform],
    brand: [Function: bound brand],
    default: [Function: bound default],
    catch: [Function: bound catch],
    describe: [Function: bound describe],
    pipe: [Function: bound pipe],
    readonly: [Function: bound readonly],
    isNullable: [Function: bound isNullable],
    isOptional: [Function: bound isOptional],
    '~standard': { version: 1, vendor: 'zod', validate: [Function: validate] },
    _cached: { shape: [Object], keys: [Array] },
    nonstrict: [Function: passthrough],
    augment: [Function: extend]
  },
  sample: { locate: { prompt: 'the "Submit" button' } },
  call: [AsyncFunction (anonymous)]
}
[2026-04-05T23:12:52.943+08:00] locateFields [ 'locate' ]
[2026-04-05T23:12:58.955+08:00] actionInActionSpace matched {
  name: 'Input',
  description: 'Input the value into the element',
  interfaceAlias: 'aiInput',
  paramSchema: ZodObject {
    spa: [Function: bound safeParseAsync] AsyncFunction,
    _def: {
      shape: [Function: shape],
      unknownKeys: 'strip',
      catchall: [ZodNever],
      typeName: 'ZodObject'
    },
    parse: [Function: bound parse],
    safeParse: [Function: bound safeParse],
    parseAsync: [Function: bound parseAsync] AsyncFunction,
    safeParseAsync: [Function: bound safeParseAsync] AsyncFunction,
    refine: [Function: bound refine],
    refinement: [Function: bound refinement],
    superRefine: [Function: bound superRefine],
    optional: [Function: bound optional],
    nullable: [Function: bound nullable],
    nullish: [Function: bound nullish],
    array: [Function: bound array],
    promise: [Function: bound promise],
    or: [Function: bound or],
    and: [Function: bound and],
    transform: [Function: bound transform],
    brand: [Function: bound brand],
    default: [Function: bound default],
    catch: [Function: bound catch],
    describe: [Function: bound describe],
    pipe: [Function: bound pipe],
    readonly: [Function: bound readonly],
    isNullable: [Function: bound isNullable],
    isOptional: [Function: bound isOptional],
    '~standard': { version: 1, vendor: 'zod', validate: [Function: validate] },
    _cached: { shape: [Object], keys: [Array] },
    nonstrict: [Function: passthrough],
    augment: [Function: extend]
  },
  sample: {
    value: 'test@example.com',
    locate: { prompt: 'the email input field' }
  },
  call: [Function: call]
}
[2026-04-05T23:12:58.955+08:00] locateFields [ 'locate' ]
[2026-04-05T23:13:07.535+08:00] task completed via <complete> tag, stop planning
[2026-04-05T23:13:27.309+08:00] actionInActionSpace matched {
  name: 'Tap',
  description: 'Tap the element',
  interfaceAlias: 'aiTap',
  paramSchema: ZodObject {
    spa: [Function: bound safeParseAsync] AsyncFunction,
    _def: {
      shape: [Function: shape],
      unknownKeys: 'strip',
      catchall: [ZodNever],
      typeName: 'ZodObject'
    },
    parse: [Function: bound parse],
    safeParse: [Function: bound safeParse],
    parseAsync: [Function: bound parseAsync] AsyncFunction,
    safeParseAsync: [Function: bound safeParseAsync] AsyncFunction,
    refine: [Function: bound refine],
    refinement: [Function: bound refinement],
    superRefine: [Function: bound superRefine],
    optional: [Function: bound optional],
    nullable: [Function: bound nullable],
    nullish: [Function: bound nullish],
    array: [Function: bound array],
    promise: [Function: bound promise],
    or: [Function: bound or],
    and: [Function: bound and],
    transform: [Function: bound transform],
    brand: [Function: bound brand],
    default: [Function: bound default],
    catch: [Function: bound catch],
    describe: [Function: bound describe],
    pipe: [Function: bound pipe],
    readonly: [Function: bound readonly],
    isNullable: [Function: bound isNullable],
    isOptional: [Function: bound isOptional],
    '~standard': { version: 1, vendor: 'zod', validate: [Function: validate] },
    _cached: { shape: [Object], keys: [Array] },
    nonstrict: [Function: passthrough],
    augment: [Function: extend]
  },
  sample: { locate: { prompt: 'the "Submit" button' } },
  call: [AsyncFunction (anonymous)]
}
[2026-04-05T23:13:27.309+08:00] locateFields [ 'locate' ]
[2026-04-05T23:13:45.280+08:00] task completed via <complete> tag, stop planning
[2026-04-05T23:14:08.253+08:00] actionInActionSpace matched {
  name: 'Tap',
  description: 'Tap the element',
  interfaceAlias: 'aiTap',
  paramSchema: ZodObject {
    spa: [Function: bound safeParseAsync] AsyncFunction,
    _def: {
      shape: [Function: shape],
      unknownKeys: 'strip',
      catchall: [ZodNever],
      typeName: 'ZodObject'
    },
    parse: [Function: bound parse],
    safeParse: [Function: bound safeParse],
    parseAsync: [Function: bound parseAsync] AsyncFunction,
    safeParseAsync: [Function: bound safeParseAsync] AsyncFunction,
    refine: [Function: bound refine],
    refinement: [Function: bound refinement],
    superRefine: [Function: bound superRefine],
    optional: [Function: bound optional],
    nullable: [Function: bound nullable],
    nullish: [Function: bound nullish],
    array: [Function: bound array],
    promise: [Function: bound promise],
    or: [Function: bound or],
    and: [Function: bound and],
    transform: [Function: bound transform],
    brand: [Function: bound brand],
    default: [Function: bound default],
    catch: [Function: bound catch],
    describe: [Function: bound describe],
    pipe: [Function: bound pipe],
    readonly: [Function: bound readonly],
    isNullable: [Function: bound isNullable],
    isOptional: [Function: bound isOptional],
    '~standard': { version: 1, vendor: 'zod', validate: [Function: validate] },
    _cached: { shape: [Object], keys: [Array] },
    nonstrict: [Function: passthrough],
    augment: [Function: extend]
  },
  sample: { locate: { prompt: 'the "Submit" button' } },
  call: [AsyncFunction (anonymous)]
}
[2026-04-05T23:14:08.253+08:00] locateFields [ 'locate' ]
[2026-04-05T23:14:14.475+08:00] task completed via <complete> tag, stop planning
[2026-04-05T23:14:20.046+08:00] actionInActionSpace matched {
  name: 'Tap',
  description: 'Tap the element',
  interfaceAlias: 'aiTap',
  paramSchema: ZodObject {
    spa: [Function: bound safeParseAsync] AsyncFunction,
    _def: {
      shape: [Function: shape],
      unknownKeys: 'strip',
      catchall: [ZodNever],
      typeName: 'ZodObject'
    },
    parse: [Function: bound parse],
    safeParse: [Function: bound safeParse],
    parseAsync: [Function: bound parseAsync] AsyncFunction,
    safeParseAsync: [Function: bound safeParseAsync] AsyncFunction,
    refine: [Function: bound refine],
    refinement: [Function: bound refinement],
    superRefine: [Function: bound superRefine],
    optional: [Function: bound optional],
    nullable: [Function: bound nullable],
    nullish: [Function: bound nullish],
    array: [Function: bound array],
    promise: [Function: bound promise],
    or: [Function: bound or],
    and: [Function: bound and],
    transform: [Function: bound transform],
    brand: [Function: bound brand],
    default: [Function: bound default],
    catch: [Function: bound catch],
    describe: [Function: bound describe],
    pipe: [Function: bound pipe],
    readonly: [Function: bound readonly],
    isNullable: [Function: bound isNullable],
    isOptional: [Function: bound isOptional],
    '~standard': { version: 1, vendor: 'zod', validate: [Function: validate] },
    _cached: { shape: [Object], keys: [Array] },
    nonstrict: [Function: passthrough],
    augment: [Function: extend]
  },
  sample: { locate: { prompt: 'the "Submit" button' } },
  call: [AsyncFunction (anonymous)]
}
[2026-04-05T23:14:20.046+08:00] locateFields [ 'locate' ]
[2026-04-05T23:14:27.158+08:00] actionInActionSpace matched {
  name: 'Input',
  description: 'Input the value into the element',
  interfaceAlias: 'aiInput',
  paramSchema: ZodObject {
    spa: [Function: bound safeParseAsync] AsyncFunction,
    _def: {
      shape: [Function: shape],
      unknownKeys: 'strip',
      catchall: [ZodNever],
      typeName: 'ZodObject'
    },
    parse: [Function: bound parse],
    safeParse: [Function: bound safeParse],
    parseAsync: [Function: bound parseAsync] AsyncFunction,
    safeParseAsync: [Function: bound safeParseAsync] AsyncFunction,
    refine: [Function: bound refine],
    refinement: [Function: bound refinement],
    superRefine: [Function: bound superRefine],
    optional: [Function: bound optional],
    nullable: [Function: bound nullable],
    nullish: [Function: bound nullish],
    array: [Function: bound array],
    promise: [Function: bound promise],
    or: [Function: bound or],
    and: [Function: bound and],
    transform: [Function: bound transform],
    brand: [Function: bound brand],
    default: [Function: bound default],
    catch: [Function: bound catch],
    describe: [Function: bound describe],
    pipe: [Function: bound pipe],
    readonly: [Function: bound readonly],
    isNullable: [Function: bound isNullable],
    isOptional: [Function: bound isOptional],
    '~standard': { version: 1, vendor: 'zod', validate: [Function: validate] },
    _cached: { shape: [Object], keys: [Array] },
    nonstrict: [Function: passthrough],
    augment: [Function: extend]
  },
  sample: {
    value: 'test@example.com',
    locate: { prompt: 'the email input field' }
  },
  call: [Function: call]
}
[2026-04-05T23:14:27.158+08:00] locateFields [ 'locate' ]
[2026-04-05T23:14:36.081+08:00] actionInActionSpace matched {
  name: 'ClearInput',
  description: 'the position of the placeholder or text content in the target input field. If there is no content, locate the center of the input field.',
  interfaceAlias: 'aiClearInput',
  paramSchema: ZodObject {
    spa: [Function: bound safeParseAsync] AsyncFunction,
    _def: {
      shape: [Function: shape],
      unknownKeys: 'strip',
      catchall: [ZodNever],
      typeName: 'ZodObject'
    },
    parse: [Function: bound parse],
    safeParse: [Function: bound safeParse],
    parseAsync: [Function: bound parseAsync] AsyncFunction,
    safeParseAsync: [Function: bound safeParseAsync] AsyncFunction,
    refine: [Function: bound refine],
    refinement: [Function: bound refinement],
    superRefine: [Function: bound superRefine],
    optional: [Function: bound optional],
    nullable: [Function: bound nullable],
    nullish: [Function: bound nullish],
    array: [Function: bound array],
    promise: [Function: bound promise],
    or: [Function: bound or],
    and: [Function: bound and],
    transform: [Function: bound transform],
    brand: [Function: bound brand],
    default: [Function: bound default],
    catch: [Function: bound catch],
    describe: [Function: bound describe],
    pipe: [Function: bound pipe],
    readonly: [Function: bound readonly],
    isNullable: [Function: bound isNullable],
    isOptional: [Function: bound isOptional],
    '~standard': { version: 1, vendor: 'zod', validate: [Function: validate] },
    _cached: null,
    nonstrict: [Function: passthrough],
    augment: [Function: extend]
  },
  sample: { locate: { prompt: 'the search input field' } },
  call: [AsyncFunction (anonymous)]
}
[2026-04-05T23:14:36.081+08:00] locateFields [ 'locate' ]
[2026-04-05T23:14:45.254+08:00] actionInActionSpace matched {
  name: 'Input',
  description: 'Input the value into the element',
  interfaceAlias: 'aiInput',
  paramSchema: ZodObject {
    spa: [Function: bound safeParseAsync] AsyncFunction,
    _def: {
      shape: [Function: shape],
      unknownKeys: 'strip',
      catchall: [ZodNever],
      typeName: 'ZodObject'
    },
    parse: [Function: bound parse],
    safeParse: [Function: bound safeParse],
    parseAsync: [Function: bound parseAsync] AsyncFunction,
    safeParseAsync: [Function: bound safeParseAsync] AsyncFunction,
    refine: [Function: bound refine],
    refinement: [Function: bound refinement],
    superRefine: [Function: bound superRefine],
    optional: [Function: bound optional],
    nullable: [Function: bound nullable],
    nullish: [Function: bound nullish],
    array: [Function: bound array],
    promise: [Function: bound promise],
    or: [Function: bound or],
    and: [Function: bound and],
    transform: [Function: bound transform],
    brand: [Function: bound brand],
    default: [Function: bound default],
    catch: [Function: bound catch],
    describe: [Function: bound describe],
    pipe: [Function: bound pipe],
    readonly: [Function: bound readonly],
    isNullable: [Function: bound isNullable],
    isOptional: [Function: bound isOptional],
    '~standard': { version: 1, vendor: 'zod', validate: [Function: validate] },
    _cached: { shape: [Object], keys: [Array] },
    nonstrict: [Function: passthrough],
    augment: [Function: extend]
  },
  sample: {
    value: 'test@example.com',
    locate: { prompt: 'the email input field' }
  },
  call: [Function: call]
}
[2026-04-05T23:14:45.254+08:00] locateFields [ 'locate' ]
[2026-04-05T23:14:54.375+08:00] task completed via <complete> tag, stop planning
[2026-04-05T23:15:01.102+08:00] actionInActionSpace matched {
  name: 'Tap',
  description: 'Tap the element',
  interfaceAlias: 'aiTap',
  paramSchema: ZodObject {
    spa: [Function: bound safeParseAsync] AsyncFunction,
    _def: {
      shape: [Function: shape],
      unknownKeys: 'strip',
      catchall: [ZodNever],
      typeName: 'ZodObject'
    },
    parse: [Function: bound parse],
    safeParse: [Function: bound safeParse],
    parseAsync: [Function: bound parseAsync] AsyncFunction,
    safeParseAsync: [Function: bound safeParseAsync] AsyncFunction,
    refine: [Function: bound refine],
    refinement: [Function: bound refinement],
    superRefine: [Function: bound superRefine],
    optional: [Function: bound optional],
    nullable: [Function: bound nullable],
    nullish: [Function: bound nullish],
    array: [Function: bound array],
    promise: [Function: bound promise],
    or: [Function: bound or],
    and: [Function: bound and],
    transform: [Function: bound transform],
    brand: [Function: bound brand],
    default: [Function: bound default],
    catch: [Function: bound catch],
    describe: [Function: bound describe],
    pipe: [Function: bound pipe],
    readonly: [Function: bound readonly],
    isNullable: [Function: bound isNullable],
    isOptional: [Function: bound isOptional],
    '~standard': { version: 1, vendor: 'zod', validate: [Function: validate] },
    _cached: { shape: [Object], keys: [Array] },
    nonstrict: [Function: passthrough],
    augment: [Function: extend]
  },
  sample: { locate: { prompt: 'the "Submit" button' } },
  call: [AsyncFunction (anonymous)]
}
[2026-04-05T23:15:01.102+08:00] locateFields [ 'locate' ]
[2026-04-05T23:15:18.015+08:00] task completed via <complete> tag, stop planning
[2026-04-05T23:15:37.713+08:00] actionInActionSpace matched {
  name: 'Tap',
  description: 'Tap the element',
  interfaceAlias: 'aiTap',
  paramSchema: ZodObject {
    spa: [Function: bound safeParseAsync] AsyncFunction,
    _def: {
      shape: [Function: shape],
      unknownKeys: 'strip',
      catchall: [ZodNever],
      typeName: 'ZodObject'
    },
    parse: [Function: bound parse],
    safeParse: [Function: bound safeParse],
    parseAsync: [Function: bound parseAsync] AsyncFunction,
    safeParseAsync: [Function: bound safeParseAsync] AsyncFunction,
    refine: [Function: bound refine],
    refinement: [Function: bound refinement],
    superRefine: [Function: bound superRefine],
    optional: [Function: bound optional],
    nullable: [Function: bound nullable],
    nullish: [Function: bound nullish],
    array: [Function: bound array],
    promise: [Function: bound promise],
    or: [Function: bound or],
    and: [Function: bound and],
    transform: [Function: bound transform],
    brand: [Function: bound brand],
    default: [Function: bound default],
    catch: [Function: bound catch],
    describe: [Function: bound describe],
    pipe: [Function: bound pipe],
    readonly: [Function: bound readonly],
    isNullable: [Function: bound isNullable],
    isOptional: [Function: bound isOptional],
    '~standard': { version: 1, vendor: 'zod', validate: [Function: validate] },
    _cached: { shape: [Object], keys: [Array] },
    nonstrict: [Function: passthrough],
    augment: [Function: extend]
  },
  sample: { locate: { prompt: 'the "Submit" button' } },
  call: [AsyncFunction (anonymous)]
}
[2026-04-05T23:15:37.713+08:00] locateFields [ 'locate' ]
[2026-04-05T23:15:46.619+08:00] task completed via <complete> tag, stop planning
[2026-04-05T23:19:28.496+08:00] actionInActionSpace matched {
  name: 'Scroll',
  description: 'Scroll the page or a scrollable element to browse content. This is the preferred way to scroll on all platforms, including mobile. Supports scrollToBottom/scrollToTop for boundary navigation. Default: direction `down`, scrollType `singleAction`, distance `null`.',
  interfaceAlias: 'aiScroll',
  paramSchema: ZodObject {
    spa: [Function: bound safeParseAsync] AsyncFunction,
    _def: {
      shape: [Function: shape],
      unknownKeys: 'strip',
      catchall: [ZodNever],
      typeName: 'ZodObject'
    },
    parse: [Function: bound parse],
    safeParse: [Function: bound safeParse],
    parseAsync: [Function: bound parseAsync] AsyncFunction,
    safeParseAsync: [Function: bound safeParseAsync] AsyncFunction,
    refine: [Function: bound refine],
    refinement: [Function: bound refinement],
    superRefine: [Function: bound superRefine],
    optional: [Function: bound optional],
    nullable: [Function: bound nullable],
    nullish: [Function: bound nullish],
    array: [Function: bound array],
    promise: [Function: bound promise],
    or: [Function: bound or],
    and: [Function: bound and],
    transform: [Function: bound transform],
    brand: [Function: bound brand],
    default: [Function: bound default],
    catch: [Function: bound catch],
    describe: [Function: bound describe],
    pipe: [Function: bound pipe],
    readonly: [Function: bound readonly],
    isNullable: [Function: bound isNullable],
    isOptional: [Function: bound isOptional],
    '~standard': { version: 1, vendor: 'zod', validate: [Function: validate] },
    _cached: null,
    nonstrict: [Function: passthrough],
    augment: [Function: extend]
  },
  sample: {
    direction: 'down',
    scrollType: 'singleAction',
    locate: { prompt: 'the center of the product list area' }
  },
  call: [AsyncFunction (anonymous)]
}
[2026-04-05T23:19:28.496+08:00] locateFields [ 'locate' ]
[2026-04-05T23:19:31.841+08:00] actionInActionSpace matched {
  name: 'Scroll',
  description: 'Scroll the page or a scrollable element to browse content. This is the preferred way to scroll on all platforms, including mobile. Supports scrollToBottom/scrollToTop for boundary navigation. Default: direction `down`, scrollType `singleAction`, distance `null`.',
  interfaceAlias: 'aiScroll',
  paramSchema: ZodObject {
    spa: [Function: bound safeParseAsync] AsyncFunction,
    _def: {
      shape: [Function: shape],
      unknownKeys: 'strip',
      catchall: [ZodNever],
      typeName: 'ZodObject'
    },
    parse: [Function: bound parse],
    safeParse: [Function: bound safeParse],
    parseAsync: [Function: bound parseAsync] AsyncFunction,
    safeParseAsync: [Function: bound safeParseAsync] AsyncFunction,
    refine: [Function: bound refine],
    refinement: [Function: bound refinement],
    superRefine: [Function: bound superRefine],
    optional: [Function: bound optional],
    nullable: [Function: bound nullable],
    nullish: [Function: bound nullish],
    array: [Function: bound array],
    promise: [Function: bound promise],
    or: [Function: bound or],
    and: [Function: bound and],
    transform: [Function: bound transform],
    brand: [Function: bound brand],
    default: [Function: bound default],
    catch: [Function: bound catch],
    describe: [Function: bound describe],
    pipe: [Function: bound pipe],
    readonly: [Function: bound readonly],
    isNullable: [Function: bound isNullable],
    isOptional: [Function: bound isOptional],
    '~standard': { version: 1, vendor: 'zod', validate: [Function: validate] },
    _cached: null,
    nonstrict: [Function: passthrough],
    augment: [Function: extend]
  },
  sample: {
    direction: 'down',
    scrollType: 'singleAction',
    locate: { prompt: 'the center of the product list area' }
  },
  call: [AsyncFunction (anonymous)]
}
[2026-04-05T23:19:31.841+08:00] locateFields [ 'locate' ]
[2026-04-05T23:19:36.730+08:00] actionInActionSpace matched {
  name: 'Tap',
  description: 'Tap the element',
  interfaceAlias: 'aiTap',
  paramSchema: ZodObject {
    spa: [Function: bound safeParseAsync] AsyncFunction,
    _def: {
      shape: [Function: shape],
      unknownKeys: 'strip',
      catchall: [ZodNever],
      typeName: 'ZodObject'
    },
    parse: [Function: bound parse],
    safeParse: [Function: bound safeParse],
    parseAsync: [Function: bound parseAsync] AsyncFunction,
    safeParseAsync: [Function: bound safeParseAsync] AsyncFunction,
    refine: [Function: bound refine],
    refinement: [Function: bound refinement],
    superRefine: [Function: bound superRefine],
    optional: [Function: bound optional],
    nullable: [Function: bound nullable],
    nullish: [Function: bound nullish],
    array: [Function: bound array],
    promise: [Function: bound promise],
    or: [Function: bound or],
    and: [Function: bound and],
    transform: [Function: bound transform],
    brand: [Function: bound brand],
    default: [Function: bound default],
    catch: [Function: bound catch],
    describe: [Function: bound describe],
    pipe: [Function: bound pipe],
    readonly: [Function: bound readonly],
    isNullable: [Function: bound isNullable],
    isOptional: [Function: bound isOptional],
    '~standard': { version: 1, vendor: 'zod', validate: [Function: validate] },
    _cached: null,
    nonstrict: [Function: passthrough],
    augment: [Function: extend]
  },
  sample: { locate: { prompt: 'the "Submit" button' } },
  call: [AsyncFunction (anonymous)]
}
[2026-04-05T23:19:36.730+08:00] locateFields [ 'locate' ]
[2026-04-05T23:19:42.828+08:00] actionInActionSpace matched {
  name: 'Scroll',
  description: 'Scroll the page or a scrollable element to browse content. This is the preferred way to scroll on all platforms, including mobile. Supports scrollToBottom/scrollToTop for boundary navigation. Default: direction `down`, scrollType `singleAction`, distance `null`.',
  interfaceAlias: 'aiScroll',
  paramSchema: ZodObject {
    spa: [Function: bound safeParseAsync] AsyncFunction,
    _def: {
      shape: [Function: shape],
      unknownKeys: 'strip',
      catchall: [ZodNever],
      typeName: 'ZodObject'
    },
    parse: [Function: bound parse],
    safeParse: [Function: bound safeParse],
    parseAsync: [Function: bound parseAsync] AsyncFunction,
    safeParseAsync: [Function: bound safeParseAsync] AsyncFunction,
    refine: [Function: bound refine],
    refinement: [Function: bound refinement],
    superRefine: [Function: bound superRefine],
    optional: [Function: bound optional],
    nullable: [Function: bound nullable],
    nullish: [Function: bound nullish],
    array: [Function: bound array],
    promise: [Function: bound promise],
    or: [Function: bound or],
    and: [Function: bound and],
    transform: [Function: bound transform],
    brand: [Function: bound brand],
    default: [Function: bound default],
    catch: [Function: bound catch],
    describe: [Function: bound describe],
    pipe: [Function: bound pipe],
    readonly: [Function: bound readonly],
    isNullable: [Function: bound isNullable],
    isOptional: [Function: bound isOptional],
    '~standard': { version: 1, vendor: 'zod', validate: [Function: validate] },
    _cached: { shape: [Object], keys: [Array] },
    nonstrict: [Function: passthrough],
    augment: [Function: extend]
  },
  sample: {
    direction: 'down',
    scrollType: 'singleAction',
    locate: { prompt: 'the center of the product list area' }
  },
  call: [AsyncFunction (anonymous)]
}
[2026-04-05T23:19:42.828+08:00] locateFields [ 'locate' ]
[2026-04-05T23:19:47.620+08:00] task completed via <complete> tag, stop planning
[2026-04-05T23:19:50.243+08:00] actionInActionSpace matched {
  name: 'Tap',
  description: 'Tap the element',
  interfaceAlias: 'aiTap',
  paramSchema: ZodObject {
    spa: [Function: bound safeParseAsync] AsyncFunction,
    _def: {
      shape: [Function: shape],
      unknownKeys: 'strip',
      catchall: [ZodNever],
      typeName: 'ZodObject'
    },
    parse: [Function: bound parse],
    safeParse: [Function: bound safeParse],
    parseAsync: [Function: bound parseAsync] AsyncFunction,
    safeParseAsync: [Function: bound safeParseAsync] AsyncFunction,
    refine: [Function: bound refine],
    refinement: [Function: bound refinement],
    superRefine: [Function: bound superRefine],
    optional: [Function: bound optional],
    nullable: [Function: bound nullable],
    nullish: [Function: bound nullish],
    array: [Function: bound array],
    promise: [Function: bound promise],
    or: [Function: bound or],
    and: [Function: bound and],
    transform: [Function: bound transform],
    brand: [Function: bound brand],
    default: [Function: bound default],
    catch: [Function: bound catch],
    describe: [Function: bound describe],
    pipe: [Function: bound pipe],
    readonly: [Function: bound readonly],
    isNullable: [Function: bound isNullable],
    isOptional: [Function: bound isOptional],
    '~standard': { version: 1, vendor: 'zod', validate: [Function: validate] },
    _cached: null,
    nonstrict: [Function: passthrough],
    augment: [Function: extend]
  },
  sample: { locate: { prompt: 'the "Submit" button' } },
  call: [AsyncFunction (anonymous)]
}
[2026-04-05T23:19:50.243+08:00] locateFields [ 'locate' ]
[2026-04-05T23:19:54.572+08:00] actionInActionSpace matched {
  name: 'Tap',
  description: 'Tap the element',
  interfaceAlias: 'aiTap',
  paramSchema: ZodObject {
    spa: [Function: bound safeParseAsync] AsyncFunction,
    _def: {
      shape: [Function: shape],
      unknownKeys: 'strip',
      catchall: [ZodNever],
      typeName: 'ZodObject'
    },
    parse: [Function: bound parse],
    safeParse: [Function: bound safeParse],
    parseAsync: [Function: bound parseAsync] AsyncFunction,
    safeParseAsync: [Function: bound safeParseAsync] AsyncFunction,
    refine: [Function: bound refine],
    refinement: [Function: bound refinement],
    superRefine: [Function: bound superRefine],
    optional: [Function: bound optional],
    nullable: [Function: bound nullable],
    nullish: [Function: bound nullish],
    array: [Function: bound array],
    promise: [Function: bound promise],
    or: [Function: bound or],
    and: [Function: bound and],
    transform: [Function: bound transform],
    brand: [Function: bound brand],
    default: [Function: bound default],
    catch: [Function: bound catch],
    describe: [Function: bound describe],
    pipe: [Function: bound pipe],
    readonly: [Function: bound readonly],
    isNullable: [Function: bound isNullable],
    isOptional: [Function: bound isOptional],
    '~standard': { version: 1, vendor: 'zod', validate: [Function: validate] },
    _cached: null,
    nonstrict: [Function: passthrough],
    augment: [Function: extend]
  },
  sample: { locate: { prompt: 'the "Submit" button' } },
  call: [AsyncFunction (anonymous)]
}
[2026-04-05T23:19:54.572+08:00] locateFields [ 'locate' ]
[2026-04-05T23:20:00.149+08:00] task completed via <complete> tag, stop planning
[2026-04-05T23:20:01.569+08:00] actionInActionSpace matched {
  name: 'Tap',
  description: 'Tap the element',
  interfaceAlias: 'aiTap',
  paramSchema: ZodObject {
    spa: [Function: bound safeParseAsync] AsyncFunction,
    _def: {
      shape: [Function: shape],
      unknownKeys: 'strip',
      catchall: [ZodNever],
      typeName: 'ZodObject'
    },
    parse: [Function: bound parse],
    safeParse: [Function: bound safeParse],
    parseAsync: [Function: bound parseAsync] AsyncFunction,
    safeParseAsync: [Function: bound safeParseAsync] AsyncFunction,
    refine: [Function: bound refine],
    refinement: [Function: bound refinement],
    superRefine: [Function: bound superRefine],
    optional: [Function: bound optional],
    nullable: [Function: bound nullable],
    nullish: [Function: bound nullish],
    array: [Function: bound array],
    promise: [Function: bound promise],
    or: [Function: bound or],
    and: [Function: bound and],
    transform: [Function: bound transform],
    brand: [Function: bound brand],
    default: [Function: bound default],
    catch: [Function: bound catch],
    describe: [Function: bound describe],
    pipe: [Function: bound pipe],
    readonly: [Function: bound readonly],
    isNullable: [Function: bound isNullable],
    isOptional: [Function: bound isOptional],
    '~standard': { version: 1, vendor: 'zod', validate: [Function: validate] },
    _cached: null,
    nonstrict: [Function: passthrough],
    augment: [Function: extend]
  },
  sample: { locate: { prompt: 'the "Submit" button' } },
  call: [AsyncFunction (anonymous)]
}
[2026-04-05T23:20:01.570+08:00] locateFields [ 'locate' ]
[2026-04-05T23:20:02.948+08:00] task completed via <complete> tag, stop planning
[2026-04-05T23:20:06.925+08:00] actionInActionSpace matched {
  name: 'Tap',
  description: 'Tap the element',
  interfaceAlias: 'aiTap',
  paramSchema: ZodObject {
    spa: [Function: bound safeParseAsync] AsyncFunction,
    _def: {
      shape: [Function: shape],
      unknownKeys: 'strip',
      catchall: [ZodNever],
      typeName: 'ZodObject'
    },
    parse: [Function: bound parse],
    safeParse: [Function: bound safeParse],
    parseAsync: [Function: bound parseAsync] AsyncFunction,
    safeParseAsync: [Function: bound safeParseAsync] AsyncFunction,
    refine: [Function: bound refine],
    refinement: [Function: bound refinement],
    superRefine: [Function: bound superRefine],
    optional: [Function: bound optional],
    nullable: [Function: bound nullable],
    nullish: [Function: bound nullish],
    array: [Function: bound array],
    promise: [Function: bound promise],
    or: [Function: bound or],
    and: [Function: bound and],
    transform: [Function: bound transform],
    brand: [Function: bound brand],
    default: [Function: bound default],
    catch: [Function: bound catch],
    describe: [Function: bound describe],
    pipe: [Function: bound pipe],
    readonly: [Function: bound readonly],
    isNullable: [Function: bound isNullable],
    isOptional: [Function: bound isOptional],
    '~standard': { version: 1, vendor: 'zod', validate: [Function: validate] },
    _cached: { shape: [Object], keys: [Array] },
    nonstrict: [Function: passthrough],
    augment: [Function: extend]
  },
  sample: { locate: { prompt: 'the "Submit" button' } },
  call: [AsyncFunction (anonymous)]
}
[2026-04-05T23:20:06.925+08:00] locateFields [ 'locate' ]
[2026-04-05T23:20:08.910+08:00] task completed via <complete> tag, stop planning
[2026-04-05T23:20:13.083+08:00] actionInActionSpace matched {
  name: 'Input',
  description: 'Input the value into the element',
  interfaceAlias: 'aiInput',
  paramSchema: ZodObject {
    spa: [Function: bound safeParseAsync] AsyncFunction,
    _def: {
      shape: [Function: shape],
      unknownKeys: 'strip',
      catchall: [ZodNever],
      typeName: 'ZodObject'
    },
    parse: [Function: bound parse],
    safeParse: [Function: bound safeParse],
    parseAsync: [Function: bound parseAsync] AsyncFunction,
    safeParseAsync: [Function: bound safeParseAsync] AsyncFunction,
    refine: [Function: bound refine],
    refinement: [Function: bound refinement],
    superRefine: [Function: bound superRefine],
    optional: [Function: bound optional],
    nullable: [Function: bound nullable],
    nullish: [Function: bound nullish],
    array: [Function: bound array],
    promise: [Function: bound promise],
    or: [Function: bound or],
    and: [Function: bound and],
    transform: [Function: bound transform],
    brand: [Function: bound brand],
    default: [Function: bound default],
    catch: [Function: bound catch],
    describe: [Function: bound describe],
    pipe: [Function: bound pipe],
    readonly: [Function: bound readonly],
    isNullable: [Function: bound isNullable],
    isOptional: [Function: bound isOptional],
    '~standard': { version: 1, vendor: 'zod', validate: [Function: validate] },
    _cached: null,
    nonstrict: [Function: passthrough],
    augment: [Function: extend]
  },
  sample: {
    value: 'test@example.com',
    locate: { prompt: 'the email input field' }
  },
  call: [Function: call]
}
[2026-04-05T23:20:13.083+08:00] locateFields [ 'locate' ]
[2026-04-05T23:20:18.661+08:00] actionInActionSpace matched {
  name: 'Tap',
  description: 'Tap the element',
  interfaceAlias: 'aiTap',
  paramSchema: ZodObject {
    spa: [Function: bound safeParseAsync] AsyncFunction,
    _def: {
      shape: [Function: shape],
      unknownKeys: 'strip',
      catchall: [ZodNever],
      typeName: 'ZodObject'
    },
    parse: [Function: bound parse],
    safeParse: [Function: bound safeParse],
    parseAsync: [Function: bound parseAsync] AsyncFunction,
    safeParseAsync: [Function: bound safeParseAsync] AsyncFunction,
    refine: [Function: bound refine],
    refinement: [Function: bound refinement],
    superRefine: [Function: bound superRefine],
    optional: [Function: bound optional],
    nullable: [Function: bound nullable],
    nullish: [Function: bound nullish],
    array: [Function: bound array],
    promise: [Function: bound promise],
    or: [Function: bound or],
    and: [Function: bound and],
    transform: [Function: bound transform],
    brand: [Function: bound brand],
    default: [Function: bound default],
    catch: [Function: bound catch],
    describe: [Function: bound describe],
    pipe: [Function: bound pipe],
    readonly: [Function: bound readonly],
    isNullable: [Function: bound isNullable],
    isOptional: [Function: bound isOptional],
    '~standard': { version: 1, vendor: 'zod', validate: [Function: validate] },
    _cached: { shape: [Object], keys: [Array] },
    nonstrict: [Function: passthrough],
    augment: [Function: extend]
  },
  sample: { locate: { prompt: 'the "Submit" button' } },
  call: [AsyncFunction (anonymous)]
}
[2026-04-05T23:20:18.661+08:00] locateFields [ 'locate' ]
[2026-04-05T23:20:22.244+08:00] task completed via <complete> tag, stop planning
[2026-04-05T23:20:28.257+08:00] actionInActionSpace matched {
  name: 'Input',
  description: 'Input the value into the element',
  interfaceAlias: 'aiInput',
  paramSchema: ZodObject {
    spa: [Function: bound safeParseAsync] AsyncFunction,
    _def: {
      shape: [Function: shape],
      unknownKeys: 'strip',
      catchall: [ZodNever],
      typeName: 'ZodObject'
    },
    parse: [Function: bound parse],
    safeParse: [Function: bound safeParse],
    parseAsync: [Function: bound parseAsync] AsyncFunction,
    safeParseAsync: [Function: bound safeParseAsync] AsyncFunction,
    refine: [Function: bound refine],
    refinement: [Function: bound refinement],
    superRefine: [Function: bound superRefine],
    optional: [Function: bound optional],
    nullable: [Function: bound nullable],
    nullish: [Function: bound nullish],
    array: [Function: bound array],
    promise: [Function: bound promise],
    or: [Function: bound or],
    and: [Function: bound and],
    transform: [Function: bound transform],
    brand: [Function: bound brand],
    default: [Function: bound default],
    catch: [Function: bound catch],
    describe: [Function: bound describe],
    pipe: [Function: bound pipe],
    readonly: [Function: bound readonly],
    isNullable: [Function: bound isNullable],
    isOptional: [Function: bound isOptional],
    '~standard': { version: 1, vendor: 'zod', validate: [Function: validate] },
    _cached: null,
    nonstrict: [Function: passthrough],
    augment: [Function: extend]
  },
  sample: {
    value: 'test@example.com',
    locate: { prompt: 'the email input field' }
  },
  call: [Function: call]
}
[2026-04-05T23:20:28.257+08:00] locateFields [ 'locate' ]
[2026-04-05T23:20:30.114+08:00] actionInActionSpace matched {
  name: 'Tap',
  description: 'Tap the element',
  interfaceAlias: 'aiTap',
  paramSchema: ZodObject {
    spa: [Function: bound safeParseAsync] AsyncFunction,
    _def: {
      shape: [Function: shape],
      unknownKeys: 'strip',
      catchall: [ZodNever],
      typeName: 'ZodObject'
    },
    parse: [Function: bound parse],
    safeParse: [Function: bound safeParse],
    parseAsync: [Function: bound parseAsync] AsyncFunction,
    safeParseAsync: [Function: bound safeParseAsync] AsyncFunction,
    refine: [Function: bound refine],
    refinement: [Function: bound refinement],
    superRefine: [Function: bound superRefine],
    optional: [Function: bound optional],
    nullable: [Function: bound nullable],
    nullish: [Function: bound nullish],
    array: [Function: bound array],
    promise: [Function: bound promise],
    or: [Function: bound or],
    and: [Function: bound and],
    transform: [Function: bound transform],
    brand: [Function: bound brand],
    default: [Function: bound default],
    catch: [Function: bound catch],
    describe: [Function: bound describe],
    pipe: [Function: bound pipe],
    readonly: [Function: bound readonly],
    isNullable: [Function: bound isNullable],
    isOptional: [Function: bound isOptional],
    '~standard': { version: 1, vendor: 'zod', validate: [Function: validate] },
    _cached: { shape: [Object], keys: [Array] },
    nonstrict: [Function: passthrough],
    augment: [Function: extend]
  },
  sample: { locate: { prompt: 'the "Submit" button' } },
  call: [AsyncFunction (anonymous)]
}
[2026-04-05T23:20:30.114+08:00] locateFields [ 'locate' ]
[2026-04-05T23:20:37.365+08:00] task completed via <complete> tag, stop planning
[2026-04-05T23:20:38.254+08:00] actionInActionSpace matched {
  name: 'Input',
  description: 'Input the value into the element',
  interfaceAlias: 'aiInput',
  paramSchema: ZodObject {
    spa: [Function: bound safeParseAsync] AsyncFunction,
    _def: {
      shape: [Function: shape],
      unknownKeys: 'strip',
      catchall: [ZodNever],
      typeName: 'ZodObject'
    },
    parse: [Function: bound parse],
    safeParse: [Function: bound safeParse],
    parseAsync: [Function: bound parseAsync] AsyncFunction,
    safeParseAsync: [Function: bound safeParseAsync] AsyncFunction,
    refine: [Function: bound refine],
    refinement: [Function: bound refinement],
    superRefine: [Function: bound superRefine],
    optional: [Function: bound optional],
    nullable: [Function: bound nullable],
    nullish: [Function: bound nullish],
    array: [Function: bound array],
    promise: [Function: bound promise],
    or: [Function: bound or],
    and: [Function: bound and],
    transform: [Function: bound transform],
    brand: [Function: bound brand],
    default: [Function: bound default],
    catch: [Function: bound catch],
    describe: [Function: bound describe],
    pipe: [Function: bound pipe],
    readonly: [Function: bound readonly],
    isNullable: [Function: bound isNullable],
    isOptional: [Function: bound isOptional],
    '~standard': { version: 1, vendor: 'zod', validate: [Function: validate] },
    _cached: { shape: [Object], keys: [Array] },
    nonstrict: [Function: passthrough],
    augment: [Function: extend]
  },
  sample: {
    value: 'test@example.com',
    locate: { prompt: 'the email input field' }
  },
  call: [Function: call]
}
[2026-04-05T23:20:38.254+08:00] locateFields [ 'locate' ]
[2026-04-05T23:20:44.614+08:00] actionInActionSpace matched {
  name: 'Tap',
  description: 'Tap the element',
  interfaceAlias: 'aiTap',
  paramSchema: ZodObject {
    spa: [Function: bound safeParseAsync] AsyncFunction,
    _def: {
      shape: [Function: shape],
      unknownKeys: 'strip',
      catchall: [ZodNever],
      typeName: 'ZodObject'
    },
    parse: [Function: bound parse],
    safeParse: [Function: bound safeParse],
    parseAsync: [Function: bound parseAsync] AsyncFunction,
    safeParseAsync: [Function: bound safeParseAsync] AsyncFunction,
    refine: [Function: bound refine],
    refinement: [Function: bound refinement],
    superRefine: [Function: bound superRefine],
    optional: [Function: bound optional],
    nullable: [Function: bound nullable],
    nullish: [Function: bound nullish],
    array: [Function: bound array],
    promise: [Function: bound promise],
    or: [Function: bound or],
    and: [Function: bound and],
    transform: [Function: bound transform],
    brand: [Function: bound brand],
    default: [Function: bound default],
    catch: [Function: bound catch],
    describe: [Function: bound describe],
    pipe: [Function: bound pipe],
    readonly: [Function: bound readonly],
    isNullable: [Function: bound isNullable],
    isOptional: [Function: bound isOptional],
    '~standard': { version: 1, vendor: 'zod', validate: [Function: validate] },
    _cached: { shape: [Object], keys: [Array] },
    nonstrict: [Function: passthrough],
    augment: [Function: extend]
  },
  sample: { locate: { prompt: 'the "Submit" button' } },
  call: [AsyncFunction (anonymous)]
}
[2026-04-05T23:20:44.614+08:00] locateFields [ 'locate' ]
[2026-04-05T23:20:47.881+08:00] task completed via <complete> tag, stop planning
[2026-04-05T23:20:53.242+08:00] actionInActionSpace matched {
  name: 'Input',
  description: 'Input the value into the element',
  interfaceAlias: 'aiInput',
  paramSchema: ZodObject {
    spa: [Function: bound safeParseAsync] AsyncFunction,
    _def: {
      shape: [Function: shape],
      unknownKeys: 'strip',
      catchall: [ZodNever],
      typeName: 'ZodObject'
    },
    parse: [Function: bound parse],
    safeParse: [Function: bound safeParse],
    parseAsync: [Function: bound parseAsync] AsyncFunction,
    safeParseAsync: [Function: bound safeParseAsync] AsyncFunction,
    refine: [Function: bound refine],
    refinement: [Function: bound refinement],
    superRefine: [Function: bound superRefine],
    optional: [Function: bound optional],
    nullable: [Function: bound nullable],
    nullish: [Function: bound nullish],
    array: [Function: bound array],
    promise: [Function: bound promise],
    or: [Function: bound or],
    and: [Function: bound and],
    transform: [Function: bound transform],
    brand: [Function: bound brand],
    default: [Function: bound default],
    catch: [Function: bound catch],
    describe: [Function: bound describe],
    pipe: [Function: bound pipe],
    readonly: [Function: bound readonly],
    isNullable: [Function: bound isNullable],
    isOptional: [Function: bound isOptional],
    '~standard': { version: 1, vendor: 'zod', validate: [Function: validate] },
    _cached: { shape: [Object], keys: [Array] },
    nonstrict: [Function: passthrough],
    augment: [Function: extend]
  },
  sample: {
    value: 'test@example.com',
    locate: { prompt: 'the email input field' }
  },
  call: [Function: call]
}
[2026-04-05T23:20:53.242+08:00] locateFields [ 'locate' ]
[2026-04-05T23:20:56.175+08:00] actionInActionSpace matched {
  name: 'Tap',
  description: 'Tap the element',
  interfaceAlias: 'aiTap',
  paramSchema: ZodObject {
    spa: [Function: bound safeParseAsync] AsyncFunction,
    _def: {
      shape: [Function: shape],
      unknownKeys: 'strip',
      catchall: [ZodNever],
      typeName: 'ZodObject'
    },
    parse: [Function: bound parse],
    safeParse: [Function: bound safeParse],
    parseAsync: [Function: bound parseAsync] AsyncFunction,
    safeParseAsync: [Function: bound safeParseAsync] AsyncFunction,
    refine: [Function: bound refine],
    refinement: [Function: bound refinement],
    superRefine: [Function: bound superRefine],
    optional: [Function: bound optional],
    nullable: [Function: bound nullable],
    nullish: [Function: bound nullish],
    array: [Function: bound array],
    promise: [Function: bound promise],
    or: [Function: bound or],
    and: [Function: bound and],
    transform: [Function: bound transform],
    brand: [Function: bound brand],
    default: [Function: bound default],
    catch: [Function: bound catch],
    describe: [Function: bound describe],
    pipe: [Function: bound pipe],
    readonly: [Function: bound readonly],
    isNullable: [Function: bound isNullable],
    isOptional: [Function: bound isOptional],
    '~standard': { version: 1, vendor: 'zod', validate: [Function: validate] },
    _cached: { shape: [Object], keys: [Array] },
    nonstrict: [Function: passthrough],
    augment: [Function: extend]
  },
  sample: { locate: { prompt: 'the "Submit" button' } },
  call: [AsyncFunction (anonymous)]
}
[2026-04-05T23:20:56.175+08:00] locateFields [ 'locate' ]
[2026-04-05T23:21:07.012+08:00] task completed via <complete> tag, stop planning
[2026-04-05T23:22:20.895+08:00] actionInActionSpace matched {
  name: 'Tap',
  description: 'Tap the element',
  interfaceAlias: 'aiTap',
  paramSchema: ZodObject {
    spa: [Function: bound safeParseAsync] AsyncFunction,
    _def: {
      shape: [Function: shape],
      unknownKeys: 'strip',
      catchall: [ZodNever],
      typeName: 'ZodObject'
    },
    parse: [Function: bound parse],
    safeParse: [Function: bound safeParse],
    parseAsync: [Function: bound parseAsync] AsyncFunction,
    safeParseAsync: [Function: bound safeParseAsync] AsyncFunction,
    refine: [Function: bound refine],
    refinement: [Function: bound refinement],
    superRefine: [Function: bound superRefine],
    optional: [Function: bound optional],
    nullable: [Function: bound nullable],
    nullish: [Function: bound nullish],
    array: [Function: bound array],
    promise: [Function: bound promise],
    or: [Function: bound or],
    and: [Function: bound and],
    transform: [Function: bound transform],
    brand: [Function: bound brand],
    default: [Function: bound default],
    catch: [Function: bound catch],
    describe: [Function: bound describe],
    pipe: [Function: bound pipe],
    readonly: [Function: bound readonly],
    isNullable: [Function: bound isNullable],
    isOptional: [Function: bound isOptional],
    '~standard': { version: 1, vendor: 'zod', validate: [Function: validate] },
    _cached: { shape: [Object], keys: [Array] },
    nonstrict: [Function: passthrough],
    augment: [Function: extend]
  },
  sample: { locate: { prompt: 'the "Submit" button' } },
  call: [AsyncFunction (anonymous)]
}
[2026-04-05T23:22:20.895+08:00] locateFields [ 'locate' ]
[2026-04-05T23:22:27.075+08:00] task completed via <complete> tag, stop planning
[2026-04-05T23:22:32.226+08:00] actionInActionSpace matched {
  name: 'Tap',
  description: 'Tap the element',
  interfaceAlias: 'aiTap',
  paramSchema: ZodObject {
    spa: [Function: bound safeParseAsync] AsyncFunction,
    _def: {
      shape: [Function: shape],
      unknownKeys: 'strip',
      catchall: [ZodNever],
      typeName: 'ZodObject'
    },
    parse: [Function: bound parse],
    safeParse: [Function: bound safeParse],
    parseAsync: [Function: bound parseAsync] AsyncFunction,
    safeParseAsync: [Function: bound safeParseAsync] AsyncFunction,
    refine: [Function: bound refine],
    refinement: [Function: bound refinement],
    superRefine: [Function: bound superRefine],
    optional: [Function: bound optional],
    nullable: [Function: bound nullable],
    nullish: [Function: bound nullish],
    array: [Function: bound array],
    promise: [Function: bound promise],
    or: [Function: bound or],
    and: [Function: bound and],
    transform: [Function: bound transform],
    brand: [Function: bound brand],
    default: [Function: bound default],
    catch: [Function: bound catch],
    describe: [Function: bound describe],
    pipe: [Function: bound pipe],
    readonly: [Function: bound readonly],
    isNullable: [Function: bound isNullable],
    isOptional: [Function: bound isOptional],
    '~standard': { version: 1, vendor: 'zod', validate: [Function: validate] },
    _cached: { shape: [Object], keys: [Array] },
    nonstrict: [Function: passthrough],
    augment: [Function: extend]
  },
  sample: { locate: { prompt: 'the "Submit" button' } },
  call: [AsyncFunction (anonymous)]
}
[2026-04-05T23:22:32.226+08:00] locateFields [ 'locate' ]
[2026-04-05T23:22:38.975+08:00] actionInActionSpace matched {
  name: 'Tap',
  description: 'Tap the element',
  interfaceAlias: 'aiTap',
  paramSchema: ZodObject {
    spa: [Function: bound safeParseAsync] AsyncFunction,
    _def: {
      shape: [Function: shape],
      unknownKeys: 'strip',
      catchall: [ZodNever],
      typeName: 'ZodObject'
    },
    parse: [Function: bound parse],
    safeParse: [Function: bound safeParse],
    parseAsync: [Function: bound parseAsync] AsyncFunction,
    safeParseAsync: [Function: bound safeParseAsync] AsyncFunction,
    refine: [Function: bound refine],
    refinement: [Function: bound refinement],
    superRefine: [Function: bound superRefine],
    optional: [Function: bound optional],
    nullable: [Function: bound nullable],
    nullish: [Function: bound nullish],
    array: [Function: bound array],
    promise: [Function: bound promise],
    or: [Function: bound or],
    and: [Function: bound and],
    transform: [Function: bound transform],
    brand: [Function: bound brand],
    default: [Function: bound default],
    catch: [Function: bound catch],
    describe: [Function: bound describe],
    pipe: [Function: bound pipe],
    readonly: [Function: bound readonly],
    isNullable: [Function: bound isNullable],
    isOptional: [Function: bound isOptional],
    '~standard': { version: 1, vendor: 'zod', validate: [Function: validate] },
    _cached: { shape: [Object], keys: [Array] },
    nonstrict: [Function: passthrough],
    augment: [Function: extend]
  },
  sample: { locate: { prompt: 'the "Submit" button' } },
  call: [AsyncFunction (anonymous)]
}
[2026-04-05T23:22:38.975+08:00] locateFields [ 'locate' ]
[2026-04-05T23:22:40.951+08:00] actionInActionSpace matched {
  name: 'Tap',
  description: 'Tap the element',
  interfaceAlias: 'aiTap',
  paramSchema: ZodObject {
    spa: [Function: bound safeParseAsync] AsyncFunction,
    _def: {
      shape: [Function: shape],
      unknownKeys: 'strip',
      catchall: [ZodNever],
      typeName: 'ZodObject'
    },
    parse: [Function: bound parse],
    safeParse: [Function: bound safeParse],
    parseAsync: [Function: bound parseAsync] AsyncFunction,
    safeParseAsync: [Function: bound safeParseAsync] AsyncFunction,
    refine: [Function: bound refine],
    refinement: [Function: bound refinement],
    superRefine: [Function: bound superRefine],
    optional: [Function: bound optional],
    nullable: [Function: bound nullable],
    nullish: [Function: bound nullish],
    array: [Function: bound array],
    promise: [Function: bound promise],
    or: [Function: bound or],
    and: [Function: bound and],
    transform: [Function: bound transform],
    brand: [Function: bound brand],
    default: [Function: bound default],
    catch: [Function: bound catch],
    describe: [Function: bound describe],
    pipe: [Function: bound pipe],
    readonly: [Function: bound readonly],
    isNullable: [Function: bound isNullable],
    isOptional: [Function: bound isOptional],
    '~standard': { version: 1, vendor: 'zod', validate: [Function: validate] },
    _cached: { shape: [Object], keys: [Array] },
    nonstrict: [Function: passthrough],
    augment: [Function: extend]
  },
  sample: { locate: { prompt: 'the "Submit" button' } },
  call: [AsyncFunction (anonymous)]
}
[2026-04-05T23:22:40.951+08:00] locateFields [ 'locate' ]
[2026-04-05T23:22:49.310+08:00] actionInActionSpace matched {
  name: 'Tap',
  description: 'Tap the element',
  interfaceAlias: 'aiTap',
  paramSchema: ZodObject {
    spa: [Function: bound safeParseAsync] AsyncFunction,
    _def: {
      shape: [Function: shape],
      unknownKeys: 'strip',
      catchall: [ZodNever],
      typeName: 'ZodObject'
    },
    parse: [Function: bound parse],
    safeParse: [Function: bound safeParse],
    parseAsync: [Function: bound parseAsync] AsyncFunction,
    safeParseAsync: [Function: bound safeParseAsync] AsyncFunction,
    refine: [Function: bound refine],
    refinement: [Function: bound refinement],
    superRefine: [Function: bound superRefine],
    optional: [Function: bound optional],
    nullable: [Function: bound nullable],
    nullish: [Function: bound nullish],
    array: [Function: bound array],
    promise: [Function: bound promise],
    or: [Function: bound or],
    and: [Function: bound and],
    transform: [Function: bound transform],
    brand: [Function: bound brand],
    default: [Function: bound default],
    catch: [Function: bound catch],
    describe: [Function: bound describe],
    pipe: [Function: bound pipe],
    readonly: [Function: bound readonly],
    isNullable: [Function: bound isNullable],
    isOptional: [Function: bound isOptional],
    '~standard': { version: 1, vendor: 'zod', validate: [Function: validate] },
    _cached: { shape: [Object], keys: [Array] },
    nonstrict: [Function: passthrough],
    augment: [Function: extend]
  },
  sample: { locate: { prompt: 'the "Submit" button' } },
  call: [AsyncFunction (anonymous)]
}
[2026-04-05T23:22:49.310+08:00] locateFields [ 'locate' ]
[2026-04-05T23:22:56.705+08:00] task completed via <complete> tag, stop planning
[2026-04-05T23:22:57.287+08:00] actionInActionSpace matched {
  name: 'Tap',
  description: 'Tap the element',
  interfaceAlias: 'aiTap',
  paramSchema: ZodObject {
    spa: [Function: bound safeParseAsync] AsyncFunction,
    _def: {
      shape: [Function: shape],
      unknownKeys: 'strip',
      catchall: [ZodNever],
      typeName: 'ZodObject'
    },
    parse: [Function: bound parse],
    safeParse: [Function: bound safeParse],
    parseAsync: [Function: bound parseAsync] AsyncFunction,
    safeParseAsync: [Function: bound safeParseAsync] AsyncFunction,
    refine: [Function: bound refine],
    refinement: [Function: bound refinement],
    superRefine: [Function: bound superRefine],
    optional: [Function: bound optional],
    nullable: [Function: bound nullable],
    nullish: [Function: bound nullish],
    array: [Function: bound array],
    promise: [Function: bound promise],
    or: [Function: bound or],
    and: [Function: bound and],
    transform: [Function: bound transform],
    brand: [Function: bound brand],
    default: [Function: bound default],
    catch: [Function: bound catch],
    describe: [Function: bound describe],
    pipe: [Function: bound pipe],
    readonly: [Function: bound readonly],
    isNullable: [Function: bound isNullable],
    isOptional: [Function: bound isOptional],
    '~standard': { version: 1, vendor: 'zod', validate: [Function: validate] },
    _cached: { shape: [Object], keys: [Array] },
    nonstrict: [Function: passthrough],
    augment: [Function: extend]
  },
  sample: { locate: { prompt: 'the "Submit" button' } },
  call: [AsyncFunction (anonymous)]
}
[2026-04-05T23:22:57.287+08:00] locateFields [ 'locate' ]
[2026-04-05T23:23:04.763+08:00] actionInActionSpace matched {
  name: 'Tap',
  description: 'Tap the element',
  interfaceAlias: 'aiTap',
  paramSchema: ZodObject {
    spa: [Function: bound safeParseAsync] AsyncFunction,
    _def: {
      shape: [Function: shape],
      unknownKeys: 'strip',
      catchall: [ZodNever],
      typeName: 'ZodObject'
    },
    parse: [Function: bound parse],
    safeParse: [Function: bound safeParse],
    parseAsync: [Function: bound parseAsync] AsyncFunction,
    safeParseAsync: [Function: bound safeParseAsync] AsyncFunction,
    refine: [Function: bound refine],
    refinement: [Function: bound refinement],
    superRefine: [Function: bound superRefine],
    optional: [Function: bound optional],
    nullable: [Function: bound nullable],
    nullish: [Function: bound nullish],
    array: [Function: bound array],
    promise: [Function: bound promise],
    or: [Function: bound or],
    and: [Function: bound and],
    transform: [Function: bound transform],
    brand: [Function: bound brand],
    default: [Function: bound default],
    catch: [Function: bound catch],
    describe: [Function: bound describe],
    pipe: [Function: bound pipe],
    readonly: [Function: bound readonly],
    isNullable: [Function: bound isNullable],
    isOptional: [Function: bound isOptional],
    '~standard': { version: 1, vendor: 'zod', validate: [Function: validate] },
    _cached: { shape: [Object], keys: [Array] },
    nonstrict: [Function: passthrough],
    augment: [Function: extend]
  },
  sample: { locate: { prompt: 'the "Submit" button' } },
  call: [AsyncFunction (anonymous)]
}
[2026-04-05T23:23:04.763+08:00] locateFields [ 'locate' ]
[2026-04-05T23:23:07.071+08:00] actionInActionSpace matched {
  name: 'Tap',
  description: 'Tap the element',
  interfaceAlias: 'aiTap',
  paramSchema: ZodObject {
    spa: [Function: bound safeParseAsync] AsyncFunction,
    _def: {
      shape: [Function: shape],
      unknownKeys: 'strip',
      catchall: [ZodNever],
      typeName: 'ZodObject'
    },
    parse: [Function: bound parse],
    safeParse: [Function: bound safeParse],
    parseAsync: [Function: bound parseAsync] AsyncFunction,
    safeParseAsync: [Function: bound safeParseAsync] AsyncFunction,
    refine: [Function: bound refine],
    refinement: [Function: bound refinement],
    superRefine: [Function: bound superRefine],
    optional: [Function: bound optional],
    nullable: [Function: bound nullable],
    nullish: [Function: bound nullish],
    array: [Function: bound array],
    promise: [Function: bound promise],
    or: [Function: bound or],
    and: [Function: bound and],
    transform: [Function: bound transform],
    brand: [Function: bound brand],
    default: [Function: bound default],
    catch: [Function: bound catch],
    describe: [Function: bound describe],
    pipe: [Function: bound pipe],
    readonly: [Function: bound readonly],
    isNullable: [Function: bound isNullable],
    isOptional: [Function: bound isOptional],
    '~standard': { version: 1, vendor: 'zod', validate: [Function: validate] },
    _cached: { shape: [Object], keys: [Array] },
    nonstrict: [Function: passthrough],
    augment: [Function: extend]
  },
  sample: { locate: { prompt: 'the "Submit" button' } },
  call: [AsyncFunction (anonymous)]
}
[2026-04-05T23:23:07.071+08:00] locateFields [ 'locate' ]
[2026-04-05T23:23:17.115+08:00] actionInActionSpace matched {
  name: 'Tap',
  description: 'Tap the element',
  interfaceAlias: 'aiTap',
  paramSchema: ZodObject {
    spa: [Function: bound safeParseAsync] AsyncFunction,
    _def: {
      shape: [Function: shape],
      unknownKeys: 'strip',
      catchall: [ZodNever],
      typeName: 'ZodObject'
    },
    parse: [Function: bound parse],
    safeParse: [Function: bound safeParse],
    parseAsync: [Function: bound parseAsync] AsyncFunction,
    safeParseAsync: [Function: bound safeParseAsync] AsyncFunction,
    refine: [Function: bound refine],
    refinement: [Function: bound refinement],
    superRefine: [Function: bound superRefine],
    optional: [Function: bound optional],
    nullable: [Function: bound nullable],
    nullish: [Function: bound nullish],
    array: [Function: bound array],
    promise: [Function: bound promise],
    or: [Function: bound or],
    and: [Function: bound and],
    transform: [Function: bound transform],
    brand: [Function: bound brand],
    default: [Function: bound default],
    catch: [Function: bound catch],
    describe: [Function: bound describe],
    pipe: [Function: bound pipe],
    readonly: [Function: bound readonly],
    isNullable: [Function: bound isNullable],
    isOptional: [Function: bound isOptional],
    '~standard': { version: 1, vendor: 'zod', validate: [Function: validate] },
    _cached: { shape: [Object], keys: [Array] },
    nonstrict: [Function: passthrough],
    augment: [Function: extend]
  },
  sample: { locate: { prompt: 'the "Submit" button' } },
  call: [AsyncFunction (anonymous)]
}
[2026-04-05T23:23:17.115+08:00] locateFields [ 'locate' ]
[2026-04-05T23:23:17.394+08:00] actionInActionSpace matched {
  name: 'Input',
  description: 'Input the value into the element',
  interfaceAlias: 'aiInput',
  paramSchema: ZodObject {
    spa: [Function: bound safeParseAsync] AsyncFunction,
    _def: {
      shape: [Function: shape],
      unknownKeys: 'strip',
      catchall: [ZodNever],
      typeName: 'ZodObject'
    },
    parse: [Function: bound parse],
    safeParse: [Function: bound safeParse],
    parseAsync: [Function: bound parseAsync] AsyncFunction,
    safeParseAsync: [Function: bound safeParseAsync] AsyncFunction,
    refine: [Function: bound refine],
    refinement: [Function: bound refinement],
    superRefine: [Function: bound superRefine],
    optional: [Function: bound optional],
    nullable: [Function: bound nullable],
    nullish: [Function: bound nullish],
    array: [Function: bound array],
    promise: [Function: bound promise],
    or: [Function: bound or],
    and: [Function: bound and],
    transform: [Function: bound transform],
    brand: [Function: bound brand],
    default: [Function: bound default],
    catch: [Function: bound catch],
    describe: [Function: bound describe],
    pipe: [Function: bound pipe],
    readonly: [Function: bound readonly],
    isNullable: [Function: bound isNullable],
    isOptional: [Function: bound isOptional],
    '~standard': { version: 1, vendor: 'zod', validate: [Function: validate] },
    _cached: { shape: [Object], keys: [Array] },
    nonstrict: [Function: passthrough],
    augment: [Function: extend]
  },
  sample: {
    value: 'test@example.com',
    locate: { prompt: 'the email input field' }
  },
  call: [Function: call]
}
[2026-04-05T23:23:17.394+08:00] locateFields [ 'locate' ]
[2026-04-05T23:23:26.758+08:00] actionInActionSpace matched {
  name: 'Tap',
  description: 'Tap the element',
  interfaceAlias: 'aiTap',
  paramSchema: ZodObject {
    spa: [Function: bound safeParseAsync] AsyncFunction,
    _def: {
      shape: [Function: shape],
      unknownKeys: 'strip',
      catchall: [ZodNever],
      typeName: 'ZodObject'
    },
    parse: [Function: bound parse],
    safeParse: [Function: bound safeParse],
    parseAsync: [Function: bound parseAsync] AsyncFunction,
    safeParseAsync: [Function: bound safeParseAsync] AsyncFunction,
    refine: [Function: bound refine],
    refinement: [Function: bound refinement],
    superRefine: [Function: bound superRefine],
    optional: [Function: bound optional],
    nullable: [Function: bound nullable],
    nullish: [Function: bound nullish],
    array: [Function: bound array],
    promise: [Function: bound promise],
    or: [Function: bound or],
    and: [Function: bound and],
    transform: [Function: bound transform],
    brand: [Function: bound brand],
    default: [Function: bound default],
    catch: [Function: bound catch],
    describe: [Function: bound describe],
    pipe: [Function: bound pipe],
    readonly: [Function: bound readonly],
    isNullable: [Function: bound isNullable],
    isOptional: [Function: bound isOptional],
    '~standard': { version: 1, vendor: 'zod', validate: [Function: validate] },
    _cached: { shape: [Object], keys: [Array] },
    nonstrict: [Function: passthrough],
    augment: [Function: extend]
  },
  sample: { locate: { prompt: 'the "Submit" button' } },
  call: [AsyncFunction (anonymous)]
}
[2026-04-05T23:23:26.758+08:00] locateFields [ 'locate' ]
[2026-04-05T23:23:27.102+08:00] actionInActionSpace matched {
  name: 'ClearInput',
  description: 'the position of the placeholder or text content in the target input field. If there is no content, locate the center of the input field.',
  interfaceAlias: 'aiClearInput',
  paramSchema: ZodObject {
    spa: [Function: bound safeParseAsync] AsyncFunction,
    _def: {
      shape: [Function: shape],
      unknownKeys: 'strip',
      catchall: [ZodNever],
      typeName: 'ZodObject'
    },
    parse: [Function: bound parse],
    safeParse: [Function: bound safeParse],
    parseAsync: [Function: bound parseAsync] AsyncFunction,
    safeParseAsync: [Function: bound safeParseAsync] AsyncFunction,
    refine: [Function: bound refine],
    refinement: [Function: bound refinement],
    superRefine: [Function: bound superRefine],
    optional: [Function: bound optional],
    nullable: [Function: bound nullable],
    nullish: [Function: bound nullish],
    array: [Function: bound array],
    promise: [Function: bound promise],
    or: [Function: bound or],
    and: [Function: bound and],
    transform: [Function: bound transform],
    brand: [Function: bound brand],
    default: [Function: bound default],
    catch: [Function: bound catch],
    describe: [Function: bound describe],
    pipe: [Function: bound pipe],
    readonly: [Function: bound readonly],
    isNullable: [Function: bound isNullable],
    isOptional: [Function: bound isOptional],
    '~standard': { version: 1, vendor: 'zod', validate: [Function: validate] },
    _cached: null,
    nonstrict: [Function: passthrough],
    augment: [Function: extend]
  },
  sample: { locate: { prompt: 'the search input field' } },
  call: [AsyncFunction (anonymous)]
}
[2026-04-05T23:23:27.102+08:00] locateFields [ 'locate' ]
[2026-04-05T23:23:36.758+08:00] actionInActionSpace matched {
  name: 'Input',
  description: 'Input the value into the element',
  interfaceAlias: 'aiInput',
  paramSchema: ZodObject {
    spa: [Function: bound safeParseAsync] AsyncFunction,
    _def: {
      shape: [Function: shape],
      unknownKeys: 'strip',
      catchall: [ZodNever],
      typeName: 'ZodObject'
    },
    parse: [Function: bound parse],
    safeParse: [Function: bound safeParse],
    parseAsync: [Function: bound parseAsync] AsyncFunction,
    safeParseAsync: [Function: bound safeParseAsync] AsyncFunction,
    refine: [Function: bound refine],
    refinement: [Function: bound refinement],
    superRefine: [Function: bound superRefine],
    optional: [Function: bound optional],
    nullable: [Function: bound nullable],
    nullish: [Function: bound nullish],
    array: [Function: bound array],
    promise: [Function: bound promise],
    or: [Function: bound or],
    and: [Function: bound and],
    transform: [Function: bound transform],
    brand: [Function: bound brand],
    default: [Function: bound default],
    catch: [Function: bound catch],
    describe: [Function: bound describe],
    pipe: [Function: bound pipe],
    readonly: [Function: bound readonly],
    isNullable: [Function: bound isNullable],
    isOptional: [Function: bound isOptional],
    '~standard': { version: 1, vendor: 'zod', validate: [Function: validate] },
    _cached: { shape: [Object], keys: [Array] },
    nonstrict: [Function: passthrough],
    augment: [Function: extend]
  },
  sample: {
    value: 'test@example.com',
    locate: { prompt: 'the email input field' }
  },
  call: [Function: call]
}
[2026-04-05T23:23:36.758+08:00] locateFields [ 'locate' ]
[2026-04-05T23:23:37.729+08:00] actionInActionSpace matched {
  name: 'Tap',
  description: 'Tap the element',
  interfaceAlias: 'aiTap',
  paramSchema: ZodObject {
    spa: [Function: bound safeParseAsync] AsyncFunction,
    _def: {
      shape: [Function: shape],
      unknownKeys: 'strip',
      catchall: [ZodNever],
      typeName: 'ZodObject'
    },
    parse: [Function: bound parse],
    safeParse: [Function: bound safeParse],
    parseAsync: [Function: bound parseAsync] AsyncFunction,
    safeParseAsync: [Function: bound safeParseAsync] AsyncFunction,
    refine: [Function: bound refine],
    refinement: [Function: bound refinement],
    superRefine: [Function: bound superRefine],
    optional: [Function: bound optional],
    nullable: [Function: bound nullable],
    nullish: [Function: bound nullish],
    array: [Function: bound array],
    promise: [Function: bound promise],
    or: [Function: bound or],
    and: [Function: bound and],
    transform: [Function: bound transform],
    brand: [Function: bound brand],
    default: [Function: bound default],
    catch: [Function: bound catch],
    describe: [Function: bound describe],
    pipe: [Function: bound pipe],
    readonly: [Function: bound readonly],
    isNullable: [Function: bound isNullable],
    isOptional: [Function: bound isOptional],
    '~standard': { version: 1, vendor: 'zod', validate: [Function: validate] },
    _cached: { shape: [Object], keys: [Array] },
    nonstrict: [Function: passthrough],
    augment: [Function: extend]
  },
  sample: { locate: { prompt: 'the "Submit" button' } },
  call: [AsyncFunction (anonymous)]
}
[2026-04-05T23:23:37.729+08:00] locateFields [ 'locate' ]
[2026-04-05T23:23:44.864+08:00] task completed via <complete> tag, stop planning
[2026-04-05T23:23:49.264+08:00] actionInActionSpace matched {
  name: 'Tap',
  description: 'Tap the element',
  interfaceAlias: 'aiTap',
  paramSchema: ZodObject {
    spa: [Function: bound safeParseAsync] AsyncFunction,
    _def: {
      shape: [Function: shape],
      unknownKeys: 'strip',
      catchall: [ZodNever],
      typeName: 'ZodObject'
    },
    parse: [Function: bound parse],
    safeParse: [Function: bound safeParse],
    parseAsync: [Function: bound parseAsync] AsyncFunction,
    safeParseAsync: [Function: bound safeParseAsync] AsyncFunction,
    refine: [Function: bound refine],
    refinement: [Function: bound refinement],
    superRefine: [Function: bound superRefine],
    optional: [Function: bound optional],
    nullable: [Function: bound nullable],
    nullish: [Function: bound nullish],
    array: [Function: bound array],
    promise: [Function: bound promise],
    or: [Function: bound or],
    and: [Function: bound and],
    transform: [Function: bound transform],
    brand: [Function: bound brand],
    default: [Function: bound default],
    catch: [Function: bound catch],
    describe: [Function: bound describe],
    pipe: [Function: bound pipe],
    readonly: [Function: bound readonly],
    isNullable: [Function: bound isNullable],
    isOptional: [Function: bound isOptional],
    '~standard': { version: 1, vendor: 'zod', validate: [Function: validate] },
    _cached: { shape: [Object], keys: [Array] },
    nonstrict: [Function: passthrough],
    augment: [Function: extend]
  },
  sample: { locate: { prompt: 'the "Submit" button' } },
  call: [AsyncFunction (anonymous)]
}
[2026-04-05T23:23:49.264+08:00] locateFields [ 'locate' ]
[2026-04-05T23:24:00.169+08:00] actionInActionSpace matched {
  name: 'Tap',
  description: 'Tap the element',
  interfaceAlias: 'aiTap',
  paramSchema: ZodObject {
    spa: [Function: bound safeParseAsync] AsyncFunction,
    _def: {
      shape: [Function: shape],
      unknownKeys: 'strip',
      catchall: [ZodNever],
      typeName: 'ZodObject'
    },
    parse: [Function: bound parse],
    safeParse: [Function: bound safeParse],
    parseAsync: [Function: bound parseAsync] AsyncFunction,
    safeParseAsync: [Function: bound safeParseAsync] AsyncFunction,
    refine: [Function: bound refine],
    refinement: [Function: bound refinement],
    superRefine: [Function: bound superRefine],
    optional: [Function: bound optional],
    nullable: [Function: bound nullable],
    nullish: [Function: bound nullish],
    array: [Function: bound array],
    promise: [Function: bound promise],
    or: [Function: bound or],
    and: [Function: bound and],
    transform: [Function: bound transform],
    brand: [Function: bound brand],
    default: [Function: bound default],
    catch: [Function: bound catch],
    describe: [Function: bound describe],
    pipe: [Function: bound pipe],
    readonly: [Function: bound readonly],
    isNullable: [Function: bound isNullable],
    isOptional: [Function: bound isOptional],
    '~standard': { version: 1, vendor: 'zod', validate: [Function: validate] },
    _cached: { shape: [Object], keys: [Array] },
    nonstrict: [Function: passthrough],
    augment: [Function: extend]
  },
  sample: { locate: { prompt: 'the "Submit" button' } },
  call: [AsyncFunction (anonymous)]
}
[2026-04-05T23:24:00.169+08:00] locateFields [ 'locate' ]
[2026-04-05T23:24:06.188+08:00] actionInActionSpace matched {
  name: 'Tap',
  description: 'Tap the element',
  interfaceAlias: 'aiTap',
  paramSchema: ZodObject {
    spa: [Function: bound safeParseAsync] AsyncFunction,
    _def: {
      shape: [Function: shape],
      unknownKeys: 'strip',
      catchall: [ZodNever],
      typeName: 'ZodObject'
    },
    parse: [Function: bound parse],
    safeParse: [Function: bound safeParse],
    parseAsync: [Function: bound parseAsync] AsyncFunction,
    safeParseAsync: [Function: bound safeParseAsync] AsyncFunction,
    refine: [Function: bound refine],
    refinement: [Function: bound refinement],
    superRefine: [Function: bound superRefine],
    optional: [Function: bound optional],
    nullable: [Function: bound nullable],
    nullish: [Function: bound nullish],
    array: [Function: bound array],
    promise: [Function: bound promise],
    or: [Function: bound or],
    and: [Function: bound and],
    transform: [Function: bound transform],
    brand: [Function: bound brand],
    default: [Function: bound default],
    catch: [Function: bound catch],
    describe: [Function: bound describe],
    pipe: [Function: bound pipe],
    readonly: [Function: bound readonly],
    isNullable: [Function: bound isNullable],
    isOptional: [Function: bound isOptional],
    '~standard': { version: 1, vendor: 'zod', validate: [Function: validate] },
    _cached: { shape: [Object], keys: [Array] },
    nonstrict: [Function: passthrough],
    augment: [Function: extend]
  },
  sample: { locate: { prompt: 'the "Submit" button' } },
  call: [AsyncFunction (anonymous)]
}
[2026-04-05T23:24:06.188+08:00] locateFields [ 'locate' ]
[2026-04-05T23:24:13.903+08:00] task completed via <complete> tag, stop planning
[2026-04-05T23:24:15.884+08:00] actionInActionSpace matched {
  name: 'Tap',
  description: 'Tap the element',
  interfaceAlias: 'aiTap',
  paramSchema: ZodObject {
    spa: [Function: bound safeParseAsync] AsyncFunction,
    _def: {
      shape: [Function: shape],
      unknownKeys: 'strip',
      catchall: [ZodNever],
      typeName: 'ZodObject'
    },
    parse: [Function: bound parse],
    safeParse: [Function: bound safeParse],
    parseAsync: [Function: bound parseAsync] AsyncFunction,
    safeParseAsync: [Function: bound safeParseAsync] AsyncFunction,
    refine: [Function: bound refine],
    refinement: [Function: bound refinement],
    superRefine: [Function: bound superRefine],
    optional: [Function: bound optional],
    nullable: [Function: bound nullable],
    nullish: [Function: bound nullish],
    array: [Function: bound array],
    promise: [Function: bound promise],
    or: [Function: bound or],
    and: [Function: bound and],
    transform: [Function: bound transform],
    brand: [Function: bound brand],
    default: [Function: bound default],
    catch: [Function: bound catch],
    describe: [Function: bound describe],
    pipe: [Function: bound pipe],
    readonly: [Function: bound readonly],
    isNullable: [Function: bound isNullable],
    isOptional: [Function: bound isOptional],
    '~standard': { version: 1, vendor: 'zod', validate: [Function: validate] },
    _cached: { shape: [Object], keys: [Array] },
    nonstrict: [Function: passthrough],
    augment: [Function: extend]
  },
  sample: { locate: { prompt: 'the "Submit" button' } },
  call: [AsyncFunction (anonymous)]
}
[2026-04-05T23:24:15.884+08:00] locateFields [ 'locate' ]
[2026-04-05T23:24:31.496+08:00] actionInActionSpace matched {
  name: 'Tap',
  description: 'Tap the element',
  interfaceAlias: 'aiTap',
  paramSchema: ZodObject {
    spa: [Function: bound safeParseAsync] AsyncFunction,
    _def: {
      shape: [Function: shape],
      unknownKeys: 'strip',
      catchall: [ZodNever],
      typeName: 'ZodObject'
    },
    parse: [Function: bound parse],
    safeParse: [Function: bound safeParse],
    parseAsync: [Function: bound parseAsync] AsyncFunction,
    safeParseAsync: [Function: bound safeParseAsync] AsyncFunction,
    refine: [Function: bound refine],
    refinement: [Function: bound refinement],
    superRefine: [Function: bound superRefine],
    optional: [Function: bound optional],
    nullable: [Function: bound nullable],
    nullish: [Function: bound nullish],
    array: [Function: bound array],
    promise: [Function: bound promise],
    or: [Function: bound or],
    and: [Function: bound and],
    transform: [Function: bound transform],
    brand: [Function: bound brand],
    default: [Function: bound default],
    catch: [Function: bound catch],
    describe: [Function: bound describe],
    pipe: [Function: bound pipe],
    readonly: [Function: bound readonly],
    isNullable: [Function: bound isNullable],
    isOptional: [Function: bound isOptional],
    '~standard': { version: 1, vendor: 'zod', validate: [Function: validate] },
    _cached: { shape: [Object], keys: [Array] },
    nonstrict: [Function: passthrough],
    augment: [Function: extend]
  },
  sample: { locate: { prompt: 'the "Submit" button' } },
  call: [AsyncFunction (anonymous)]
}
[2026-04-05T23:24:31.496+08:00] locateFields [ 'locate' ]
[2026-04-05T23:24:40.056+08:00] actionInActionSpace matched {
  name: 'Tap',
  description: 'Tap the element',
  interfaceAlias: 'aiTap',
  paramSchema: ZodObject {
    spa: [Function: bound safeParseAsync] AsyncFunction,
    _def: {
      shape: [Function: shape],
      unknownKeys: 'strip',
      catchall: [ZodNever],
      typeName: 'ZodObject'
    },
    parse: [Function: bound parse],
    safeParse: [Function: bound safeParse],
    parseAsync: [Function: bound parseAsync] AsyncFunction,
    safeParseAsync: [Function: bound safeParseAsync] AsyncFunction,
    refine: [Function: bound refine],
    refinement: [Function: bound refinement],
    superRefine: [Function: bound superRefine],
    optional: [Function: bound optional],
    nullable: [Function: bound nullable],
    nullish: [Function: bound nullish],
    array: [Function: bound array],
    promise: [Function: bound promise],
    or: [Function: bound or],
    and: [Function: bound and],
    transform: [Function: bound transform],
    brand: [Function: bound brand],
    default: [Function: bound default],
    catch: [Function: bound catch],
    describe: [Function: bound describe],
    pipe: [Function: bound pipe],
    readonly: [Function: bound readonly],
    isNullable: [Function: bound isNullable],
    isOptional: [Function: bound isOptional],
    '~standard': { version: 1, vendor: 'zod', validate: [Function: validate] },
    _cached: { shape: [Object], keys: [Array] },
    nonstrict: [Function: passthrough],
    augment: [Function: extend]
  },
  sample: { locate: { prompt: 'the "Submit" button' } },
  call: [AsyncFunction (anonymous)]
}
[2026-04-05T23:24:40.056+08:00] locateFields [ 'locate' ]
[2026-04-05T23:24:44.498+08:00] actionInActionSpace matched {
  name: 'Tap',
  description: 'Tap the element',
  interfaceAlias: 'aiTap',
  paramSchema: ZodObject {
    spa: [Function: bound safeParseAsync] AsyncFunction,
    _def: {
      shape: [Function: shape],
      unknownKeys: 'strip',
      catchall: [ZodNever],
      typeName: 'ZodObject'
    },
    parse: [Function: bound parse],
    safeParse: [Function: bound safeParse],
    parseAsync: [Function: bound parseAsync] AsyncFunction,
    safeParseAsync: [Function: bound safeParseAsync] AsyncFunction,
    refine: [Function: bound refine],
    refinement: [Function: bound refinement],
    superRefine: [Function: bound superRefine],
    optional: [Function: bound optional],
    nullable: [Function: bound nullable],
    nullish: [Function: bound nullish],
    array: [Function: bound array],
    promise: [Function: bound promise],
    or: [Function: bound or],
    and: [Function: bound and],
    transform: [Function: bound transform],
    brand: [Function: bound brand],
    default: [Function: bound default],
    catch: [Function: bound catch],
    describe: [Function: bound describe],
    pipe: [Function: bound pipe],
    readonly: [Function: bound readonly],
    isNullable: [Function: bound isNullable],
    isOptional: [Function: bound isOptional],
    '~standard': { version: 1, vendor: 'zod', validate: [Function: validate] },
    _cached: { shape: [Object], keys: [Array] },
    nonstrict: [Function: passthrough],
    augment: [Function: extend]
  },
  sample: { locate: { prompt: 'the "Submit" button' } },
  call: [AsyncFunction (anonymous)]
}
[2026-04-05T23:24:44.498+08:00] locateFields [ 'locate' ]
[2026-04-05T23:24:51.168+08:00] actionInActionSpace matched {
  name: 'Tap',
  description: 'Tap the element',
  interfaceAlias: 'aiTap',
  paramSchema: ZodObject {
    spa: [Function: bound safeParseAsync] AsyncFunction,
    _def: {
      shape: [Function: shape],
      unknownKeys: 'strip',
      catchall: [ZodNever],
      typeName: 'ZodObject'
    },
    parse: [Function: bound parse],
    safeParse: [Function: bound safeParse],
    parseAsync: [Function: bound parseAsync] AsyncFunction,
    safeParseAsync: [Function: bound safeParseAsync] AsyncFunction,
    refine: [Function: bound refine],
    refinement: [Function: bound refinement],
    superRefine: [Function: bound superRefine],
    optional: [Function: bound optional],
    nullable: [Function: bound nullable],
    nullish: [Function: bound nullish],
    array: [Function: bound array],
    promise: [Function: bound promise],
    or: [Function: bound or],
    and: [Function: bound and],
    transform: [Function: bound transform],
    brand: [Function: bound brand],
    default: [Function: bound default],
    catch: [Function: bound catch],
    describe: [Function: bound describe],
    pipe: [Function: bound pipe],
    readonly: [Function: bound readonly],
    isNullable: [Function: bound isNullable],
    isOptional: [Function: bound isOptional],
    '~standard': { version: 1, vendor: 'zod', validate: [Function: validate] },
    _cached: { shape: [Object], keys: [Array] },
    nonstrict: [Function: passthrough],
    augment: [Function: extend]
  },
  sample: { locate: { prompt: 'the "Submit" button' } },
  call: [AsyncFunction (anonymous)]
}
[2026-04-05T23:24:51.168+08:00] locateFields [ 'locate' ]
[2026-04-05T23:24:54.859+08:00] task completed via <complete> tag, stop planning
[2026-04-05T23:25:02.182+08:00] actionInActionSpace matched {
  name: 'Tap',
  description: 'Tap the element',
  interfaceAlias: 'aiTap',
  paramSchema: ZodObject {
    spa: [Function: bound safeParseAsync] AsyncFunction,
    _def: {
      shape: [Function: shape],
      unknownKeys: 'strip',
      catchall: [ZodNever],
      typeName: 'ZodObject'
    },
    parse: [Function: bound parse],
    safeParse: [Function: bound safeParse],
    parseAsync: [Function: bound parseAsync] AsyncFunction,
    safeParseAsync: [Function: bound safeParseAsync] AsyncFunction,
    refine: [Function: bound refine],
    refinement: [Function: bound refinement],
    superRefine: [Function: bound superRefine],
    optional: [Function: bound optional],
    nullable: [Function: bound nullable],
    nullish: [Function: bound nullish],
    array: [Function: bound array],
    promise: [Function: bound promise],
    or: [Function: bound or],
    and: [Function: bound and],
    transform: [Function: bound transform],
    brand: [Function: bound brand],
    default: [Function: bound default],
    catch: [Function: bound catch],
    describe: [Function: bound describe],
    pipe: [Function: bound pipe],
    readonly: [Function: bound readonly],
    isNullable: [Function: bound isNullable],
    isOptional: [Function: bound isOptional],
    '~standard': { version: 1, vendor: 'zod', validate: [Function: validate] },
    _cached: { shape: [Object], keys: [Array] },
    nonstrict: [Function: passthrough],
    augment: [Function: extend]
  },
  sample: { locate: { prompt: 'the "Submit" button' } },
  call: [AsyncFunction (anonymous)]
}
[2026-04-05T23:25:02.182+08:00] locateFields [ 'locate' ]
[2026-04-05T23:25:12.141+08:00] actionInActionSpace matched {
  name: 'Tap',
  description: 'Tap the element',
  interfaceAlias: 'aiTap',
  paramSchema: ZodObject {
    spa: [Function: bound safeParseAsync] AsyncFunction,
    _def: {
      shape: [Function: shape],
      unknownKeys: 'strip',
      catchall: [ZodNever],
      typeName: 'ZodObject'
    },
    parse: [Function: bound parse],
    safeParse: [Function: bound safeParse],
    parseAsync: [Function: bound parseAsync] AsyncFunction,
    safeParseAsync: [Function: bound safeParseAsync] AsyncFunction,
    refine: [Function: bound refine],
    refinement: [Function: bound refinement],
    superRefine: [Function: bound superRefine],
    optional: [Function: bound optional],
    nullable: [Function: bound nullable],
    nullish: [Function: bound nullish],
    array: [Function: bound array],
    promise: [Function: bound promise],
    or: [Function: bound or],
    and: [Function: bound and],
    transform: [Function: bound transform],
    brand: [Function: bound brand],
    default: [Function: bound default],
    catch: [Function: bound catch],
    describe: [Function: bound describe],
    pipe: [Function: bound pipe],
    readonly: [Function: bound readonly],
    isNullable: [Function: bound isNullable],
    isOptional: [Function: bound isOptional],
    '~standard': { version: 1, vendor: 'zod', validate: [Function: validate] },
    _cached: { shape: [Object], keys: [Array] },
    nonstrict: [Function: passthrough],
    augment: [Function: extend]
  },
  sample: { locate: { prompt: 'the "Submit" button' } },
  call: [AsyncFunction (anonymous)]
}
[2026-04-05T23:25:12.141+08:00] locateFields [ 'locate' ]
[2026-04-05T23:25:20.496+08:00] actionInActionSpace matched {
  name: 'Tap',
  description: 'Tap the element',
  interfaceAlias: 'aiTap',
  paramSchema: ZodObject {
    spa: [Function: bound safeParseAsync] AsyncFunction,
    _def: {
      shape: [Function: shape],
      unknownKeys: 'strip',
      catchall: [ZodNever],
      typeName: 'ZodObject'
    },
    parse: [Function: bound parse],
    safeParse: [Function: bound safeParse],
    parseAsync: [Function: bound parseAsync] AsyncFunction,
    safeParseAsync: [Function: bound safeParseAsync] AsyncFunction,
    refine: [Function: bound refine],
    refinement: [Function: bound refinement],
    superRefine: [Function: bound superRefine],
    optional: [Function: bound optional],
    nullable: [Function: bound nullable],
    nullish: [Function: bound nullish],
    array: [Function: bound array],
    promise: [Function: bound promise],
    or: [Function: bound or],
    and: [Function: bound and],
    transform: [Function: bound transform],
    brand: [Function: bound brand],
    default: [Function: bound default],
    catch: [Function: bound catch],
    describe: [Function: bound describe],
    pipe: [Function: bound pipe],
    readonly: [Function: bound readonly],
    isNullable: [Function: bound isNullable],
    isOptional: [Function: bound isOptional],
    '~standard': { version: 1, vendor: 'zod', validate: [Function: validate] },
    _cached: { shape: [Object], keys: [Array] },
    nonstrict: [Function: passthrough],
    augment: [Function: extend]
  },
  sample: { locate: { prompt: 'the "Submit" button' } },
  call: [AsyncFunction (anonymous)]
}
[2026-04-05T23:25:20.496+08:00] locateFields [ 'locate' ]
[2026-04-05T23:25:35.515+08:00] actionInActionSpace matched {
  name: 'Tap',
  description: 'Tap the element',
  interfaceAlias: 'aiTap',
  paramSchema: ZodObject {
    spa: [Function: bound safeParseAsync] AsyncFunction,
    _def: {
      shape: [Function: shape],
      unknownKeys: 'strip',
      catchall: [ZodNever],
      typeName: 'ZodObject'
    },
    parse: [Function: bound parse],
    safeParse: [Function: bound safeParse],
    parseAsync: [Function: bound parseAsync] AsyncFunction,
    safeParseAsync: [Function: bound safeParseAsync] AsyncFunction,
    refine: [Function: bound refine],
    refinement: [Function: bound refinement],
    superRefine: [Function: bound superRefine],
    optional: [Function: bound optional],
    nullable: [Function: bound nullable],
    nullish: [Function: bound nullish],
    array: [Function: bound array],
    promise: [Function: bound promise],
    or: [Function: bound or],
    and: [Function: bound and],
    transform: [Function: bound transform],
    brand: [Function: bound brand],
    default: [Function: bound default],
    catch: [Function: bound catch],
    describe: [Function: bound describe],
    pipe: [Function: bound pipe],
    readonly: [Function: bound readonly],
    isNullable: [Function: bound isNullable],
    isOptional: [Function: bound isOptional],
    '~standard': { version: 1, vendor: 'zod', validate: [Function: validate] },
    _cached: { shape: [Object], keys: [Array] },
    nonstrict: [Function: passthrough],
    augment: [Function: extend]
  },
  sample: { locate: { prompt: 'the "Submit" button' } },
  call: [AsyncFunction (anonymous)]
}
[2026-04-05T23:25:35.515+08:00] locateFields [ 'locate' ]
[2026-04-05T23:25:44.452+08:00] actionInActionSpace matched {
  name: 'Tap',
  description: 'Tap the element',
  interfaceAlias: 'aiTap',
  paramSchema: ZodObject {
    spa: [Function: bound safeParseAsync] AsyncFunction,
    _def: {
      shape: [Function: shape],
      unknownKeys: 'strip',
      catchall: [ZodNever],
      typeName: 'ZodObject'
    },
    parse: [Function: bound parse],
    safeParse: [Function: bound safeParse],
    parseAsync: [Function: bound parseAsync] AsyncFunction,
    safeParseAsync: [Function: bound safeParseAsync] AsyncFunction,
    refine: [Function: bound refine],
    refinement: [Function: bound refinement],
    superRefine: [Function: bound superRefine],
    optional: [Function: bound optional],
    nullable: [Function: bound nullable],
    nullish: [Function: bound nullish],
    array: [Function: bound array],
    promise: [Function: bound promise],
    or: [Function: bound or],
    and: [Function: bound and],
    transform: [Function: bound transform],
    brand: [Function: bound brand],
    default: [Function: bound default],
    catch: [Function: bound catch],
    describe: [Function: bound describe],
    pipe: [Function: bound pipe],
    readonly: [Function: bound readonly],
    isNullable: [Function: bound isNullable],
    isOptional: [Function: bound isOptional],
    '~standard': { version: 1, vendor: 'zod', validate: [Function: validate] },
    _cached: { shape: [Object], keys: [Array] },
    nonstrict: [Function: passthrough],
    augment: [Function: extend]
  },
  sample: { locate: { prompt: 'the "Submit" button' } },
  call: [AsyncFunction (anonymous)]
}
[2026-04-05T23:25:44.452+08:00] locateFields [ 'locate' ]
[2026-04-05T23:26:00.694+08:00] actionInActionSpace matched {
  name: 'Tap',
  description: 'Tap the element',
  interfaceAlias: 'aiTap',
  paramSchema: ZodObject {
    spa: [Function: bound safeParseAsync] AsyncFunction,
    _def: {
      shape: [Function: shape],
      unknownKeys: 'strip',
      catchall: [ZodNever],
      typeName: 'ZodObject'
    },
    parse: [Function: bound parse],
    safeParse: [Function: bound safeParse],
    parseAsync: [Function: bound parseAsync] AsyncFunction,
    safeParseAsync: [Function: bound safeParseAsync] AsyncFunction,
    refine: [Function: bound refine],
    refinement: [Function: bound refinement],
    superRefine: [Function: bound superRefine],
    optional: [Function: bound optional],
    nullable: [Function: bound nullable],
    nullish: [Function: bound nullish],
    array: [Function: bound array],
    promise: [Function: bound promise],
    or: [Function: bound or],
    and: [Function: bound and],
    transform: [Function: bound transform],
    brand: [Function: bound brand],
    default: [Function: bound default],
    catch: [Function: bound catch],
    describe: [Function: bound describe],
    pipe: [Function: bound pipe],
    readonly: [Function: bound readonly],
    isNullable: [Function: bound isNullable],
    isOptional: [Function: bound isOptional],
    '~standard': { version: 1, vendor: 'zod', validate: [Function: validate] },
    _cached: { shape: [Object], keys: [Array] },
    nonstrict: [Function: passthrough],
    augment: [Function: extend]
  },
  sample: { locate: { prompt: 'the "Submit" button' } },
  call: [AsyncFunction (anonymous)]
}
[2026-04-05T23:26:00.694+08:00] locateFields [ 'locate' ]
[2026-04-05T23:29:19.082+08:00] actionInActionSpace matched {
  name: 'Scroll',
  description: 'Scroll the page or a scrollable element to browse content. This is the preferred way to scroll on all platforms, including mobile. Supports scrollToBottom/scrollToTop for boundary navigation. Default: direction `down`, scrollType `singleAction`, distance `null`.',
  interfaceAlias: 'aiScroll',
  paramSchema: ZodObject {
    spa: [Function: bound safeParseAsync] AsyncFunction,
    _def: {
      shape: [Function: shape],
      unknownKeys: 'strip',
      catchall: [ZodNever],
      typeName: 'ZodObject'
    },
    parse: [Function: bound parse],
    safeParse: [Function: bound safeParse],
    parseAsync: [Function: bound parseAsync] AsyncFunction,
    safeParseAsync: [Function: bound safeParseAsync] AsyncFunction,
    refine: [Function: bound refine],
    refinement: [Function: bound refinement],
    superRefine: [Function: bound superRefine],
    optional: [Function: bound optional],
    nullable: [Function: bound nullable],
    nullish: [Function: bound nullish],
    array: [Function: bound array],
    promise: [Function: bound promise],
    or: [Function: bound or],
    and: [Function: bound and],
    transform: [Function: bound transform],
    brand: [Function: bound brand],
    default: [Function: bound default],
    catch: [Function: bound catch],
    describe: [Function: bound describe],
    pipe: [Function: bound pipe],
    readonly: [Function: bound readonly],
    isNullable: [Function: bound isNullable],
    isOptional: [Function: bound isOptional],
    '~standard': { version: 1, vendor: 'zod', validate: [Function: validate] },
    _cached: null,
    nonstrict: [Function: passthrough],
    augment: [Function: extend]
  },
  sample: {
    direction: 'down',
    scrollType: 'singleAction',
    locate: { prompt: 'the center of the product list area' }
  },
  call: [AsyncFunction (anonymous)]
}
[2026-04-05T23:29:19.082+08:00] locateFields [ 'locate' ]
[2026-04-05T23:29:22.325+08:00] actionInActionSpace matched {
  name: 'Scroll',
  description: 'Scroll the page or a scrollable element to browse content. This is the preferred way to scroll on all platforms, including mobile. Supports scrollToBottom/scrollToTop for boundary navigation. Default: direction `down`, scrollType `singleAction`, distance `null`.',
  interfaceAlias: 'aiScroll',
  paramSchema: ZodObject {
    spa: [Function: bound safeParseAsync] AsyncFunction,
    _def: {
      shape: [Function: shape],
      unknownKeys: 'strip',
      catchall: [ZodNever],
      typeName: 'ZodObject'
    },
    parse: [Function: bound parse],
    safeParse: [Function: bound safeParse],
    parseAsync: [Function: bound parseAsync] AsyncFunction,
    safeParseAsync: [Function: bound safeParseAsync] AsyncFunction,
    refine: [Function: bound refine],
    refinement: [Function: bound refinement],
    superRefine: [Function: bound superRefine],
    optional: [Function: bound optional],
    nullable: [Function: bound nullable],
    nullish: [Function: bound nullish],
    array: [Function: bound array],
    promise: [Function: bound promise],
    or: [Function: bound or],
    and: [Function: bound and],
    transform: [Function: bound transform],
    brand: [Function: bound brand],
    default: [Function: bound default],
    catch: [Function: bound catch],
    describe: [Function: bound describe],
    pipe: [Function: bound pipe],
    readonly: [Function: bound readonly],
    isNullable: [Function: bound isNullable],
    isOptional: [Function: bound isOptional],
    '~standard': { version: 1, vendor: 'zod', validate: [Function: validate] },
    _cached: null,
    nonstrict: [Function: passthrough],
    augment: [Function: extend]
  },
  sample: {
    direction: 'down',
    scrollType: 'singleAction',
    locate: { prompt: 'the center of the product list area' }
  },
  call: [AsyncFunction (anonymous)]
}
[2026-04-05T23:29:22.325+08:00] locateFields [ 'locate' ]
[2026-04-05T23:29:30.603+08:00] actionInActionSpace matched {
  name: 'Tap',
  description: 'Tap the element',
  interfaceAlias: 'aiTap',
  paramSchema: ZodObject {
    spa: [Function: bound safeParseAsync] AsyncFunction,
    _def: {
      shape: [Function: shape],
      unknownKeys: 'strip',
      catchall: [ZodNever],
      typeName: 'ZodObject'
    },
    parse: [Function: bound parse],
    safeParse: [Function: bound safeParse],
    parseAsync: [Function: bound parseAsync] AsyncFunction,
    safeParseAsync: [Function: bound safeParseAsync] AsyncFunction,
    refine: [Function: bound refine],
    refinement: [Function: bound refinement],
    superRefine: [Function: bound superRefine],
    optional: [Function: bound optional],
    nullable: [Function: bound nullable],
    nullish: [Function: bound nullish],
    array: [Function: bound array],
    promise: [Function: bound promise],
    or: [Function: bound or],
    and: [Function: bound and],
    transform: [Function: bound transform],
    brand: [Function: bound brand],
    default: [Function: bound default],
    catch: [Function: bound catch],
    describe: [Function: bound describe],
    pipe: [Function: bound pipe],
    readonly: [Function: bound readonly],
    isNullable: [Function: bound isNullable],
    isOptional: [Function: bound isOptional],
    '~standard': { version: 1, vendor: 'zod', validate: [Function: validate] },
    _cached: null,
    nonstrict: [Function: passthrough],
    augment: [Function: extend]
  },
  sample: { locate: { prompt: 'the "Submit" button' } },
  call: [AsyncFunction (anonymous)]
}
[2026-04-05T23:29:30.604+08:00] locateFields [ 'locate' ]
[2026-04-05T23:29:33.801+08:00] actionInActionSpace matched {
  name: 'Tap',
  description: 'Tap the element',
  interfaceAlias: 'aiTap',
  paramSchema: ZodObject {
    spa: [Function: bound safeParseAsync] AsyncFunction,
    _def: {
      shape: [Function: shape],
      unknownKeys: 'strip',
      catchall: [ZodNever],
      typeName: 'ZodObject'
    },
    parse: [Function: bound parse],
    safeParse: [Function: bound safeParse],
    parseAsync: [Function: bound parseAsync] AsyncFunction,
    safeParseAsync: [Function: bound safeParseAsync] AsyncFunction,
    refine: [Function: bound refine],
    refinement: [Function: bound refinement],
    superRefine: [Function: bound superRefine],
    optional: [Function: bound optional],
    nullable: [Function: bound nullable],
    nullish: [Function: bound nullish],
    array: [Function: bound array],
    promise: [Function: bound promise],
    or: [Function: bound or],
    and: [Function: bound and],
    transform: [Function: bound transform],
    brand: [Function: bound brand],
    default: [Function: bound default],
    catch: [Function: bound catch],
    describe: [Function: bound describe],
    pipe: [Function: bound pipe],
    readonly: [Function: bound readonly],
    isNullable: [Function: bound isNullable],
    isOptional: [Function: bound isOptional],
    '~standard': { version: 1, vendor: 'zod', validate: [Function: validate] },
    _cached: null,
    nonstrict: [Function: passthrough],
    augment: [Function: extend]
  },
  sample: { locate: { prompt: 'the "Submit" button' } },
  call: [AsyncFunction (anonymous)]
}
[2026-04-05T23:29:33.801+08:00] locateFields [ 'locate' ]
[2026-04-05T23:29:36.983+08:00] actionInActionSpace matched {
  name: 'Scroll',
  description: 'Scroll the page or a scrollable element to browse content. This is the preferred way to scroll on all platforms, including mobile. Supports scrollToBottom/scrollToTop for boundary navigation. Default: direction `down`, scrollType `singleAction`, distance `null`.',
  interfaceAlias: 'aiScroll',
  paramSchema: ZodObject {
    spa: [Function: bound safeParseAsync] AsyncFunction,
    _def: {
      shape: [Function: shape],
      unknownKeys: 'strip',
      catchall: [ZodNever],
      typeName: 'ZodObject'
    },
    parse: [Function: bound parse],
    safeParse: [Function: bound safeParse],
    parseAsync: [Function: bound parseAsync] AsyncFunction,
    safeParseAsync: [Function: bound safeParseAsync] AsyncFunction,
    refine: [Function: bound refine],
    refinement: [Function: bound refinement],
    superRefine: [Function: bound superRefine],
    optional: [Function: bound optional],
    nullable: [Function: bound nullable],
    nullish: [Function: bound nullish],
    array: [Function: bound array],
    promise: [Function: bound promise],
    or: [Function: bound or],
    and: [Function: bound and],
    transform: [Function: bound transform],
    brand: [Function: bound brand],
    default: [Function: bound default],
    catch: [Function: bound catch],
    describe: [Function: bound describe],
    pipe: [Function: bound pipe],
    readonly: [Function: bound readonly],
    isNullable: [Function: bound isNullable],
    isOptional: [Function: bound isOptional],
    '~standard': { version: 1, vendor: 'zod', validate: [Function: validate] },
    _cached: { shape: [Object], keys: [Array] },
    nonstrict: [Function: passthrough],
    augment: [Function: extend]
  },
  sample: {
    direction: 'down',
    scrollType: 'singleAction',
    locate: { prompt: 'the center of the product list area' }
  },
  call: [AsyncFunction (anonymous)]
}
[2026-04-05T23:29:36.983+08:00] locateFields [ 'locate' ]
[2026-04-05T23:29:37.996+08:00] actionInActionSpace matched {
  name: 'Tap',
  description: 'Tap the element',
  interfaceAlias: 'aiTap',
  paramSchema: ZodObject {
    spa: [Function: bound safeParseAsync] AsyncFunction,
    _def: {
      shape: [Function: shape],
      unknownKeys: 'strip',
      catchall: [ZodNever],
      typeName: 'ZodObject'
    },
    parse: [Function: bound parse],
    safeParse: [Function: bound safeParse],
    parseAsync: [Function: bound parseAsync] AsyncFunction,
    safeParseAsync: [Function: bound safeParseAsync] AsyncFunction,
    refine: [Function: bound refine],
    refinement: [Function: bound refinement],
    superRefine: [Function: bound superRefine],
    optional: [Function: bound optional],
    nullable: [Function: bound nullable],
    nullish: [Function: bound nullish],
    array: [Function: bound array],
    promise: [Function: bound promise],
    or: [Function: bound or],
    and: [Function: bound and],
    transform: [Function: bound transform],
    brand: [Function: bound brand],
    default: [Function: bound default],
    catch: [Function: bound catch],
    describe: [Function: bound describe],
    pipe: [Function: bound pipe],
    readonly: [Function: bound readonly],
    isNullable: [Function: bound isNullable],
    isOptional: [Function: bound isOptional],
    '~standard': { version: 1, vendor: 'zod', validate: [Function: validate] },
    _cached: null,
    nonstrict: [Function: passthrough],
    augment: [Function: extend]
  },
  sample: { locate: { prompt: 'the "Submit" button' } },
  call: [AsyncFunction (anonymous)]
}
[2026-04-05T23:29:37.996+08:00] locateFields [ 'locate' ]
[2026-04-05T23:29:43.751+08:00] task completed via <complete> tag, stop planning
[2026-04-05T23:29:45.108+08:00] task completed via <complete> tag, stop planning
[2026-04-05T23:29:45.351+08:00] task completed via <complete> tag, stop planning
[2026-04-05T23:29:53.957+08:00] actionInActionSpace matched {
  name: 'Tap',
  description: 'Tap the element',
  interfaceAlias: 'aiTap',
  paramSchema: ZodObject {
    spa: [Function: bound safeParseAsync] AsyncFunction,
    _def: {
      shape: [Function: shape],
      unknownKeys: 'strip',
      catchall: [ZodNever],
      typeName: 'ZodObject'
    },
    parse: [Function: bound parse],
    safeParse: [Function: bound safeParse],
    parseAsync: [Function: bound parseAsync] AsyncFunction,
    safeParseAsync: [Function: bound safeParseAsync] AsyncFunction,
    refine: [Function: bound refine],
    refinement: [Function: bound refinement],
    superRefine: [Function: bound superRefine],
    optional: [Function: bound optional],
    nullable: [Function: bound nullable],
    nullish: [Function: bound nullish],
    array: [Function: bound array],
    promise: [Function: bound promise],
    or: [Function: bound or],
    and: [Function: bound and],
    transform: [Function: bound transform],
    brand: [Function: bound brand],
    default: [Function: bound default],
    catch: [Function: bound catch],
    describe: [Function: bound describe],
    pipe: [Function: bound pipe],
    readonly: [Function: bound readonly],
    isNullable: [Function: bound isNullable],
    isOptional: [Function: bound isOptional],
    '~standard': { version: 1, vendor: 'zod', validate: [Function: validate] },
    _cached: { shape: [Object], keys: [Array] },
    nonstrict: [Function: passthrough],
    augment: [Function: extend]
  },
  sample: { locate: { prompt: 'the "Submit" button' } },
  call: [AsyncFunction (anonymous)]
}
[2026-04-05T23:29:53.957+08:00] locateFields [ 'locate' ]
[2026-04-05T23:30:01.007+08:00] actionInActionSpace matched {
  name: 'Input',
  description: 'Input the value into the element',
  interfaceAlias: 'aiInput',
  paramSchema: ZodObject {
    spa: [Function: bound safeParseAsync] AsyncFunction,
    _def: {
      shape: [Function: shape],
      unknownKeys: 'strip',
      catchall: [ZodNever],
      typeName: 'ZodObject'
    },
    parse: [Function: bound parse],
    safeParse: [Function: bound safeParse],
    parseAsync: [Function: bound parseAsync] AsyncFunction,
    safeParseAsync: [Function: bound safeParseAsync] AsyncFunction,
    refine: [Function: bound refine],
    refinement: [Function: bound refinement],
    superRefine: [Function: bound superRefine],
    optional: [Function: bound optional],
    nullable: [Function: bound nullable],
    nullish: [Function: bound nullish],
    array: [Function: bound array],
    promise: [Function: bound promise],
    or: [Function: bound or],
    and: [Function: bound and],
    transform: [Function: bound transform],
    brand: [Function: bound brand],
    default: [Function: bound default],
    catch: [Function: bound catch],
    describe: [Function: bound describe],
    pipe: [Function: bound pipe],
    readonly: [Function: bound readonly],
    isNullable: [Function: bound isNullable],
    isOptional: [Function: bound isOptional],
    '~standard': { version: 1, vendor: 'zod', validate: [Function: validate] },
    _cached: null,
    nonstrict: [Function: passthrough],
    augment: [Function: extend]
  },
  sample: {
    value: 'test@example.com',
    locate: { prompt: 'the email input field' }
  },
  call: [Function: call]
}
[2026-04-05T23:30:01.007+08:00] locateFields [ 'locate' ]
[2026-04-05T23:30:04.573+08:00] actionInActionSpace matched {
  name: 'Tap',
  description: 'Tap the element',
  interfaceAlias: 'aiTap',
  paramSchema: ZodObject {
    spa: [Function: bound safeParseAsync] AsyncFunction,
    _def: {
      shape: [Function: shape],
      unknownKeys: 'strip',
      catchall: [ZodNever],
      typeName: 'ZodObject'
    },
    parse: [Function: bound parse],
    safeParse: [Function: bound safeParse],
    parseAsync: [Function: bound parseAsync] AsyncFunction,
    safeParseAsync: [Function: bound safeParseAsync] AsyncFunction,
    refine: [Function: bound refine],
    refinement: [Function: bound refinement],
    superRefine: [Function: bound superRefine],
    optional: [Function: bound optional],
    nullable: [Function: bound nullable],
    nullish: [Function: bound nullish],
    array: [Function: bound array],
    promise: [Function: bound promise],
    or: [Function: bound or],
    and: [Function: bound and],
    transform: [Function: bound transform],
    brand: [Function: bound brand],
    default: [Function: bound default],
    catch: [Function: bound catch],
    describe: [Function: bound describe],
    pipe: [Function: bound pipe],
    readonly: [Function: bound readonly],
    isNullable: [Function: bound isNullable],
    isOptional: [Function: bound isOptional],
    '~standard': { version: 1, vendor: 'zod', validate: [Function: validate] },
    _cached: null,
    nonstrict: [Function: passthrough],
    augment: [Function: extend]
  },
  sample: { locate: { prompt: 'the "Submit" button' } },
  call: [AsyncFunction (anonymous)]
}
[2026-04-05T23:30:04.574+08:00] locateFields [ 'locate' ]
[2026-04-05T23:30:17.783+08:00] task completed via <complete> tag, stop planning
[2026-04-05T23:30:21.630+08:00] actionInActionSpace matched {
  name: 'Tap',
  description: 'Tap the element',
  interfaceAlias: 'aiTap',
  paramSchema: ZodObject {
    spa: [Function: bound safeParseAsync] AsyncFunction,
    _def: {
      shape: [Function: shape],
      unknownKeys: 'strip',
      catchall: [ZodNever],
      typeName: 'ZodObject'
    },
    parse: [Function: bound parse],
    safeParse: [Function: bound safeParse],
    parseAsync: [Function: bound parseAsync] AsyncFunction,
    safeParseAsync: [Function: bound safeParseAsync] AsyncFunction,
    refine: [Function: bound refine],
    refinement: [Function: bound refinement],
    superRefine: [Function: bound superRefine],
    optional: [Function: bound optional],
    nullable: [Function: bound nullable],
    nullish: [Function: bound nullish],
    array: [Function: bound array],
    promise: [Function: bound promise],
    or: [Function: bound or],
    and: [Function: bound and],
    transform: [Function: bound transform],
    brand: [Function: bound brand],
    default: [Function: bound default],
    catch: [Function: bound catch],
    describe: [Function: bound describe],
    pipe: [Function: bound pipe],
    readonly: [Function: bound readonly],
    isNullable: [Function: bound isNullable],
    isOptional: [Function: bound isOptional],
    '~standard': { version: 1, vendor: 'zod', validate: [Function: validate] },
    _cached: { shape: [Object], keys: [Array] },
    nonstrict: [Function: passthrough],
    augment: [Function: extend]
  },
  sample: { locate: { prompt: 'the "Submit" button' } },
  call: [AsyncFunction (anonymous)]
}
[2026-04-05T23:30:21.631+08:00] locateFields [ 'locate' ]
[2026-04-05T23:30:31.494+08:00] actionInActionSpace matched {
  name: 'Tap',
  description: 'Tap the element',
  interfaceAlias: 'aiTap',
  paramSchema: ZodObject {
    spa: [Function: bound safeParseAsync] AsyncFunction,
    _def: {
      shape: [Function: shape],
      unknownKeys: 'strip',
      catchall: [ZodNever],
      typeName: 'ZodObject'
    },
    parse: [Function: bound parse],
    safeParse: [Function: bound safeParse],
    parseAsync: [Function: bound parseAsync] AsyncFunction,
    safeParseAsync: [Function: bound safeParseAsync] AsyncFunction,
    refine: [Function: bound refine],
    refinement: [Function: bound refinement],
    superRefine: [Function: bound superRefine],
    optional: [Function: bound optional],
    nullable: [Function: bound nullable],
    nullish: [Function: bound nullish],
    array: [Function: bound array],
    promise: [Function: bound promise],
    or: [Function: bound or],
    and: [Function: bound and],
    transform: [Function: bound transform],
    brand: [Function: bound brand],
    default: [Function: bound default],
    catch: [Function: bound catch],
    describe: [Function: bound describe],
    pipe: [Function: bound pipe],
    readonly: [Function: bound readonly],
    isNullable: [Function: bound isNullable],
    isOptional: [Function: bound isOptional],
    '~standard': { version: 1, vendor: 'zod', validate: [Function: validate] },
    _cached: { shape: [Object], keys: [Array] },
    nonstrict: [Function: passthrough],
    augment: [Function: extend]
  },
  sample: { locate: { prompt: 'the "Submit" button' } },
  call: [AsyncFunction (anonymous)]
}
[2026-04-05T23:30:31.494+08:00] locateFields [ 'locate' ]
[2026-04-05T23:30:36.394+08:00] actionInActionSpace matched {
  name: 'Tap',
  description: 'Tap the element',
  interfaceAlias: 'aiTap',
  paramSchema: ZodObject {
    spa: [Function: bound safeParseAsync] AsyncFunction,
    _def: {
      shape: [Function: shape],
      unknownKeys: 'strip',
      catchall: [ZodNever],
      typeName: 'ZodObject'
    },
    parse: [Function: bound parse],
    safeParse: [Function: bound safeParse],
    parseAsync: [Function: bound parseAsync] AsyncFunction,
    safeParseAsync: [Function: bound safeParseAsync] AsyncFunction,
    refine: [Function: bound refine],
    refinement: [Function: bound refinement],
    superRefine: [Function: bound superRefine],
    optional: [Function: bound optional],
    nullable: [Function: bound nullable],
    nullish: [Function: bound nullish],
    array: [Function: bound array],
    promise: [Function: bound promise],
    or: [Function: bound or],
    and: [Function: bound and],
    transform: [Function: bound transform],
    brand: [Function: bound brand],
    default: [Function: bound default],
    catch: [Function: bound catch],
    describe: [Function: bound describe],
    pipe: [Function: bound pipe],
    readonly: [Function: bound readonly],
    isNullable: [Function: bound isNullable],
    isOptional: [Function: bound isOptional],
    '~standard': { version: 1, vendor: 'zod', validate: [Function: validate] },
    _cached: { shape: [Object], keys: [Array] },
    nonstrict: [Function: passthrough],
    augment: [Function: extend]
  },
  sample: { locate: { prompt: 'the "Submit" button' } },
  call: [AsyncFunction (anonymous)]
}
[2026-04-05T23:30:36.394+08:00] locateFields [ 'locate' ]
[2026-04-05T23:30:40.183+08:00] actionInActionSpace matched {
  name: 'Input',
  description: 'Input the value into the element',
  interfaceAlias: 'aiInput',
  paramSchema: ZodObject {
    spa: [Function: bound safeParseAsync] AsyncFunction,
    _def: {
      shape: [Function: shape],
      unknownKeys: 'strip',
      catchall: [ZodNever],
      typeName: 'ZodObject'
    },
    parse: [Function: bound parse],
    safeParse: [Function: bound safeParse],
    parseAsync: [Function: bound parseAsync] AsyncFunction,
    safeParseAsync: [Function: bound safeParseAsync] AsyncFunction,
    refine: [Function: bound refine],
    refinement: [Function: bound refinement],
    superRefine: [Function: bound superRefine],
    optional: [Function: bound optional],
    nullable: [Function: bound nullable],
    nullish: [Function: bound nullish],
    array: [Function: bound array],
    promise: [Function: bound promise],
    or: [Function: bound or],
    and: [Function: bound and],
    transform: [Function: bound transform],
    brand: [Function: bound brand],
    default: [Function: bound default],
    catch: [Function: bound catch],
    describe: [Function: bound describe],
    pipe: [Function: bound pipe],
    readonly: [Function: bound readonly],
    isNullable: [Function: bound isNullable],
    isOptional: [Function: bound isOptional],
    '~standard': { version: 1, vendor: 'zod', validate: [Function: validate] },
    _cached: { shape: [Object], keys: [Array] },
    nonstrict: [Function: passthrough],
    augment: [Function: extend]
  },
  sample: {
    value: 'test@example.com',
    locate: { prompt: 'the email input field' }
  },
  call: [Function: call]
}
[2026-04-05T23:30:40.183+08:00] locateFields [ 'locate' ]
[2026-04-05T23:30:50.340+08:00] task completed via <complete> tag, stop planning
[2026-04-05T23:30:58.559+08:00] actionInActionSpace matched {
  name: 'Tap',
  description: 'Tap the element',
  interfaceAlias: 'aiTap',
  paramSchema: ZodObject {
    spa: [Function: bound safeParseAsync] AsyncFunction,
    _def: {
      shape: [Function: shape],
      unknownKeys: 'strip',
      catchall: [ZodNever],
      typeName: 'ZodObject'
    },
    parse: [Function: bound parse],
    safeParse: [Function: bound safeParse],
    parseAsync: [Function: bound parseAsync] AsyncFunction,
    safeParseAsync: [Function: bound safeParseAsync] AsyncFunction,
    refine: [Function: bound refine],
    refinement: [Function: bound refinement],
    superRefine: [Function: bound superRefine],
    optional: [Function: bound optional],
    nullable: [Function: bound nullable],
    nullish: [Function: bound nullish],
    array: [Function: bound array],
    promise: [Function: bound promise],
    or: [Function: bound or],
    and: [Function: bound and],
    transform: [Function: bound transform],
    brand: [Function: bound brand],
    default: [Function: bound default],
    catch: [Function: bound catch],
    describe: [Function: bound describe],
    pipe: [Function: bound pipe],
    readonly: [Function: bound readonly],
    isNullable: [Function: bound isNullable],
    isOptional: [Function: bound isOptional],
    '~standard': { version: 1, vendor: 'zod', validate: [Function: validate] },
    _cached: { shape: [Object], keys: [Array] },
    nonstrict: [Function: passthrough],
    augment: [Function: extend]
  },
  sample: { locate: { prompt: 'the "Submit" button' } },
  call: [AsyncFunction (anonymous)]
}
[2026-04-05T23:30:58.559+08:00] locateFields [ 'locate' ]
[2026-04-05T23:30:59.626+08:00] actionInActionSpace matched {
  name: 'Tap',
  description: 'Tap the element',
  interfaceAlias: 'aiTap',
  paramSchema: ZodObject {
    spa: [Function: bound safeParseAsync] AsyncFunction,
    _def: {
      shape: [Function: shape],
      unknownKeys: 'strip',
      catchall: [ZodNever],
      typeName: 'ZodObject'
    },
    parse: [Function: bound parse],
    safeParse: [Function: bound safeParse],
    parseAsync: [Function: bound parseAsync] AsyncFunction,
    safeParseAsync: [Function: bound safeParseAsync] AsyncFunction,
    refine: [Function: bound refine],
    refinement: [Function: bound refinement],
    superRefine: [Function: bound superRefine],
    optional: [Function: bound optional],
    nullable: [Function: bound nullable],
    nullish: [Function: bound nullish],
    array: [Function: bound array],
    promise: [Function: bound promise],
    or: [Function: bound or],
    and: [Function: bound and],
    transform: [Function: bound transform],
    brand: [Function: bound brand],
    default: [Function: bound default],
    catch: [Function: bound catch],
    describe: [Function: bound describe],
    pipe: [Function: bound pipe],
    readonly: [Function: bound readonly],
    isNullable: [Function: bound isNullable],
    isOptional: [Function: bound isOptional],
    '~standard': { version: 1, vendor: 'zod', validate: [Function: validate] },
    _cached: { shape: [Object], keys: [Array] },
    nonstrict: [Function: passthrough],
    augment: [Function: extend]
  },
  sample: { locate: { prompt: 'the "Submit" button' } },
  call: [AsyncFunction (anonymous)]
}
[2026-04-05T23:30:59.626+08:00] locateFields [ 'locate' ]
[2026-04-05T23:31:14.839+08:00] actionInActionSpace matched {
  name: 'Tap',
  description: 'Tap the element',
  interfaceAlias: 'aiTap',
  paramSchema: ZodObject {
    spa: [Function: bound safeParseAsync] AsyncFunction,
    _def: {
      shape: [Function: shape],
      unknownKeys: 'strip',
      catchall: [ZodNever],
      typeName: 'ZodObject'
    },
    parse: [Function: bound parse],
    safeParse: [Function: bound safeParse],
    parseAsync: [Function: bound parseAsync] AsyncFunction,
    safeParseAsync: [Function: bound safeParseAsync] AsyncFunction,
    refine: [Function: bound refine],
    refinement: [Function: bound refinement],
    superRefine: [Function: bound superRefine],
    optional: [Function: bound optional],
    nullable: [Function: bound nullable],
    nullish: [Function: bound nullish],
    array: [Function: bound array],
    promise: [Function: bound promise],
    or: [Function: bound or],
    and: [Function: bound and],
    transform: [Function: bound transform],
    brand: [Function: bound brand],
    default: [Function: bound default],
    catch: [Function: bound catch],
    describe: [Function: bound describe],
    pipe: [Function: bound pipe],
    readonly: [Function: bound readonly],
    isNullable: [Function: bound isNullable],
    isOptional: [Function: bound isOptional],
    '~standard': { version: 1, vendor: 'zod', validate: [Function: validate] },
    _cached: { shape: [Object], keys: [Array] },
    nonstrict: [Function: passthrough],
    augment: [Function: extend]
  },
  sample: { locate: { prompt: 'the "Submit" button' } },
  call: [AsyncFunction (anonymous)]
}
[2026-04-05T23:31:14.839+08:00] locateFields [ 'locate' ]
[2026-04-05T23:31:22.728+08:00] task completed via <complete> tag, stop planning
[2026-04-05T23:31:29.702+08:00] actionInActionSpace matched {
  name: 'Tap',
  description: 'Tap the element',
  interfaceAlias: 'aiTap',
  paramSchema: ZodObject {
    spa: [Function: bound safeParseAsync] AsyncFunction,
    _def: {
      shape: [Function: shape],
      unknownKeys: 'strip',
      catchall: [ZodNever],
      typeName: 'ZodObject'
    },
    parse: [Function: bound parse],
    safeParse: [Function: bound safeParse],
    parseAsync: [Function: bound parseAsync] AsyncFunction,
    safeParseAsync: [Function: bound safeParseAsync] AsyncFunction,
    refine: [Function: bound refine],
    refinement: [Function: bound refinement],
    superRefine: [Function: bound superRefine],
    optional: [Function: bound optional],
    nullable: [Function: bound nullable],
    nullish: [Function: bound nullish],
    array: [Function: bound array],
    promise: [Function: bound promise],
    or: [Function: bound or],
    and: [Function: bound and],
    transform: [Function: bound transform],
    brand: [Function: bound brand],
    default: [Function: bound default],
    catch: [Function: bound catch],
    describe: [Function: bound describe],
    pipe: [Function: bound pipe],
    readonly: [Function: bound readonly],
    isNullable: [Function: bound isNullable],
    isOptional: [Function: bound isOptional],
    '~standard': { version: 1, vendor: 'zod', validate: [Function: validate] },
    _cached: { shape: [Object], keys: [Array] },
    nonstrict: [Function: passthrough],
    augment: [Function: extend]
  },
  sample: { locate: { prompt: 'the "Submit" button' } },
  call: [AsyncFunction (anonymous)]
}
[2026-04-05T23:31:29.702+08:00] locateFields [ 'locate' ]
[2026-04-05T23:31:43.826+08:00] actionInActionSpace matched {
  name: 'Tap',
  description: 'Tap the element',
  interfaceAlias: 'aiTap',
  paramSchema: ZodObject {
    spa: [Function: bound safeParseAsync] AsyncFunction,
    _def: {
      shape: [Function: shape],
      unknownKeys: 'strip',
      catchall: [ZodNever],
      typeName: 'ZodObject'
    },
    parse: [Function: bound parse],
    safeParse: [Function: bound safeParse],
    parseAsync: [Function: bound parseAsync] AsyncFunction,
    safeParseAsync: [Function: bound safeParseAsync] AsyncFunction,
    refine: [Function: bound refine],
    refinement: [Function: bound refinement],
    superRefine: [Function: bound superRefine],
    optional: [Function: bound optional],
    nullable: [Function: bound nullable],
    nullish: [Function: bound nullish],
    array: [Function: bound array],
    promise: [Function: bound promise],
    or: [Function: bound or],
    and: [Function: bound and],
    transform: [Function: bound transform],
    brand: [Function: bound brand],
    default: [Function: bound default],
    catch: [Function: bound catch],
    describe: [Function: bound describe],
    pipe: [Function: bound pipe],
    readonly: [Function: bound readonly],
    isNullable: [Function: bound isNullable],
    isOptional: [Function: bound isOptional],
    '~standard': { version: 1, vendor: 'zod', validate: [Function: validate] },
    _cached: { shape: [Object], keys: [Array] },
    nonstrict: [Function: passthrough],
    augment: [Function: extend]
  },
  sample: { locate: { prompt: 'the "Submit" button' } },
  call: [AsyncFunction (anonymous)]
}
[2026-04-05T23:31:43.826+08:00] locateFields [ 'locate' ]
[2026-04-05T23:31:51.475+08:00] actionInActionSpace matched {
  name: 'Tap',
  description: 'Tap the element',
  interfaceAlias: 'aiTap',
  paramSchema: ZodObject {
    spa: [Function: bound safeParseAsync] AsyncFunction,
    _def: {
      shape: [Function: shape],
      unknownKeys: 'strip',
      catchall: [ZodNever],
      typeName: 'ZodObject'
    },
    parse: [Function: bound parse],
    safeParse: [Function: bound safeParse],
    parseAsync: [Function: bound parseAsync] AsyncFunction,
    safeParseAsync: [Function: bound safeParseAsync] AsyncFunction,
    refine: [Function: bound refine],
    refinement: [Function: bound refinement],
    superRefine: [Function: bound superRefine],
    optional: [Function: bound optional],
    nullable: [Function: bound nullable],
    nullish: [Function: bound nullish],
    array: [Function: bound array],
    promise: [Function: bound promise],
    or: [Function: bound or],
    and: [Function: bound and],
    transform: [Function: bound transform],
    brand: [Function: bound brand],
    default: [Function: bound default],
    catch: [Function: bound catch],
    describe: [Function: bound describe],
    pipe: [Function: bound pipe],
    readonly: [Function: bound readonly],
    isNullable: [Function: bound isNullable],
    isOptional: [Function: bound isOptional],
    '~standard': { version: 1, vendor: 'zod', validate: [Function: validate] },
    _cached: { shape: [Object], keys: [Array] },
    nonstrict: [Function: passthrough],
    augment: [Function: extend]
  },
  sample: { locate: { prompt: 'the "Submit" button' } },
  call: [AsyncFunction (anonymous)]
}
[2026-04-05T23:31:51.475+08:00] locateFields [ 'locate' ]
[2026-04-05T23:31:53.767+08:00] actionInActionSpace matched {
  name: 'Tap',
  description: 'Tap the element',
  interfaceAlias: 'aiTap',
  paramSchema: ZodObject {
    spa: [Function: bound safeParseAsync] AsyncFunction,
    _def: {
      shape: [Function: shape],
      unknownKeys: 'strip',
      catchall: [ZodNever],
      typeName: 'ZodObject'
    },
    parse: [Function: bound parse],
    safeParse: [Function: bound safeParse],
    parseAsync: [Function: bound parseAsync] AsyncFunction,
    safeParseAsync: [Function: bound safeParseAsync] AsyncFunction,
    refine: [Function: bound refine],
    refinement: [Function: bound refinement],
    superRefine: [Function: bound superRefine],
    optional: [Function: bound optional],
    nullable: [Function: bound nullable],
    nullish: [Function: bound nullish],
    array: [Function: bound array],
    promise: [Function: bound promise],
    or: [Function: bound or],
    and: [Function: bound and],
    transform: [Function: bound transform],
    brand: [Function: bound brand],
    default: [Function: bound default],
    catch: [Function: bound catch],
    describe: [Function: bound describe],
    pipe: [Function: bound pipe],
    readonly: [Function: bound readonly],
    isNullable: [Function: bound isNullable],
    isOptional: [Function: bound isOptional],
    '~standard': { version: 1, vendor: 'zod', validate: [Function: validate] },
    _cached: { shape: [Object], keys: [Array] },
    nonstrict: [Function: passthrough],
    augment: [Function: extend]
  },
  sample: { locate: { prompt: 'the "Submit" button' } },
  call: [AsyncFunction (anonymous)]
}
[2026-04-05T23:31:53.767+08:00] locateFields [ 'locate' ]
[2026-04-05T23:31:59.773+08:00] task completed via <complete> tag, stop planning
[2026-04-05T23:32:06.545+08:00] actionInActionSpace matched {
  name: 'Tap',
  description: 'Tap the element',
  interfaceAlias: 'aiTap',
  paramSchema: ZodObject {
    spa: [Function: bound safeParseAsync] AsyncFunction,
    _def: {
      shape: [Function: shape],
      unknownKeys: 'strip',
      catchall: [ZodNever],
      typeName: 'ZodObject'
    },
    parse: [Function: bound parse],
    safeParse: [Function: bound safeParse],
    parseAsync: [Function: bound parseAsync] AsyncFunction,
    safeParseAsync: [Function: bound safeParseAsync] AsyncFunction,
    refine: [Function: bound refine],
    refinement: [Function: bound refinement],
    superRefine: [Function: bound superRefine],
    optional: [Function: bound optional],
    nullable: [Function: bound nullable],
    nullish: [Function: bound nullish],
    array: [Function: bound array],
    promise: [Function: bound promise],
    or: [Function: bound or],
    and: [Function: bound and],
    transform: [Function: bound transform],
    brand: [Function: bound brand],
    default: [Function: bound default],
    catch: [Function: bound catch],
    describe: [Function: bound describe],
    pipe: [Function: bound pipe],
    readonly: [Function: bound readonly],
    isNullable: [Function: bound isNullable],
    isOptional: [Function: bound isOptional],
    '~standard': { version: 1, vendor: 'zod', validate: [Function: validate] },
    _cached: { shape: [Object], keys: [Array] },
    nonstrict: [Function: passthrough],
    augment: [Function: extend]
  },
  sample: { locate: { prompt: 'the "Submit" button' } },
  call: [AsyncFunction (anonymous)]
}
[2026-04-05T23:32:06.545+08:00] locateFields [ 'locate' ]
[2026-04-05T23:32:10.289+08:00] actionInActionSpace matched {
  name: 'Tap',
  description: 'Tap the element',
  interfaceAlias: 'aiTap',
  paramSchema: ZodObject {
    spa: [Function: bound safeParseAsync] AsyncFunction,
    _def: {
      shape: [Function: shape],
      unknownKeys: 'strip',
      catchall: [ZodNever],
      typeName: 'ZodObject'
    },
    parse: [Function: bound parse],
    safeParse: [Function: bound safeParse],
    parseAsync: [Function: bound parseAsync] AsyncFunction,
    safeParseAsync: [Function: bound safeParseAsync] AsyncFunction,
    refine: [Function: bound refine],
    refinement: [Function: bound refinement],
    superRefine: [Function: bound superRefine],
    optional: [Function: bound optional],
    nullable: [Function: bound nullable],
    nullish: [Function: bound nullish],
    array: [Function: bound array],
    promise: [Function: bound promise],
    or: [Function: bound or],
    and: [Function: bound and],
    transform: [Function: bound transform],
    brand: [Function: bound brand],
    default: [Function: bound default],
    catch: [Function: bound catch],
    describe: [Function: bound describe],
    pipe: [Function: bound pipe],
    readonly: [Function: bound readonly],
    isNullable: [Function: bound isNullable],
    isOptional: [Function: bound isOptional],
    '~standard': { version: 1, vendor: 'zod', validate: [Function: validate] },
    _cached: { shape: [Object], keys: [Array] },
    nonstrict: [Function: passthrough],
    augment: [Function: extend]
  },
  sample: { locate: { prompt: 'the "Submit" button' } },
  call: [AsyncFunction (anonymous)]
}
[2026-04-05T23:32:10.289+08:00] locateFields [ 'locate' ]
[2026-04-05T23:32:27.612+08:00] actionInActionSpace matched {
  name: 'Input',
  description: 'Input the value into the element',
  interfaceAlias: 'aiInput',
  paramSchema: ZodObject {
    spa: [Function: bound safeParseAsync] AsyncFunction,
    _def: {
      shape: [Function: shape],
      unknownKeys: 'strip',
      catchall: [ZodNever],
      typeName: 'ZodObject'
    },
    parse: [Function: bound parse],
    safeParse: [Function: bound safeParse],
    parseAsync: [Function: bound parseAsync] AsyncFunction,
    safeParseAsync: [Function: bound safeParseAsync] AsyncFunction,
    refine: [Function: bound refine],
    refinement: [Function: bound refinement],
    superRefine: [Function: bound superRefine],
    optional: [Function: bound optional],
    nullable: [Function: bound nullable],
    nullish: [Function: bound nullish],
    array: [Function: bound array],
    promise: [Function: bound promise],
    or: [Function: bound or],
    and: [Function: bound and],
    transform: [Function: bound transform],
    brand: [Function: bound brand],
    default: [Function: bound default],
    catch: [Function: bound catch],
    describe: [Function: bound describe],
    pipe: [Function: bound pipe],
    readonly: [Function: bound readonly],
    isNullable: [Function: bound isNullable],
    isOptional: [Function: bound isOptional],
    '~standard': { version: 1, vendor: 'zod', validate: [Function: validate] },
    _cached: { shape: [Object], keys: [Array] },
    nonstrict: [Function: passthrough],
    augment: [Function: extend]
  },
  sample: {
    value: 'test@example.com',
    locate: { prompt: 'the email input field' }
  },
  call: [Function: call]
}
[2026-04-05T23:32:27.612+08:00] locateFields [ 'locate' ]
[2026-04-05T23:32:29.655+08:00] actionInActionSpace matched {
  name: 'Tap',
  description: 'Tap the element',
  interfaceAlias: 'aiTap',
  paramSchema: ZodObject {
    spa: [Function: bound safeParseAsync] AsyncFunction,
    _def: {
      shape: [Function: shape],
      unknownKeys: 'strip',
      catchall: [ZodNever],
      typeName: 'ZodObject'
    },
    parse: [Function: bound parse],
    safeParse: [Function: bound safeParse],
    parseAsync: [Function: bound parseAsync] AsyncFunction,
    safeParseAsync: [Function: bound safeParseAsync] AsyncFunction,
    refine: [Function: bound refine],
    refinement: [Function: bound refinement],
    superRefine: [Function: bound superRefine],
    optional: [Function: bound optional],
    nullable: [Function: bound nullable],
    nullish: [Function: bound nullish],
    array: [Function: bound array],
    promise: [Function: bound promise],
    or: [Function: bound or],
    and: [Function: bound and],
    transform: [Function: bound transform],
    brand: [Function: bound brand],
    default: [Function: bound default],
    catch: [Function: bound catch],
    describe: [Function: bound describe],
    pipe: [Function: bound pipe],
    readonly: [Function: bound readonly],
    isNullable: [Function: bound isNullable],
    isOptional: [Function: bound isOptional],
    '~standard': { version: 1, vendor: 'zod', validate: [Function: validate] },
    _cached: { shape: [Object], keys: [Array] },
    nonstrict: [Function: passthrough],
    augment: [Function: extend]
  },
  sample: { locate: { prompt: 'the "Submit" button' } },
  call: [AsyncFunction (anonymous)]
}
[2026-04-05T23:32:29.655+08:00] locateFields [ 'locate' ]
[2026-04-05T23:32:37.118+08:00] task completed via <complete> tag, stop planning
[2026-04-05T23:32:40.942+08:00] actionInActionSpace matched {
  name: 'Tap',
  description: 'Tap the element',
  interfaceAlias: 'aiTap',
  paramSchema: ZodObject {
    spa: [Function: bound safeParseAsync] AsyncFunction,
    _def: {
      shape: [Function: shape],
      unknownKeys: 'strip',
      catchall: [ZodNever],
      typeName: 'ZodObject'
    },
    parse: [Function: bound parse],
    safeParse: [Function: bound safeParse],
    parseAsync: [Function: bound parseAsync] AsyncFunction,
    safeParseAsync: [Function: bound safeParseAsync] AsyncFunction,
    refine: [Function: bound refine],
    refinement: [Function: bound refinement],
    superRefine: [Function: bound superRefine],
    optional: [Function: bound optional],
    nullable: [Function: bound nullable],
    nullish: [Function: bound nullish],
    array: [Function: bound array],
    promise: [Function: bound promise],
    or: [Function: bound or],
    and: [Function: bound and],
    transform: [Function: bound transform],
    brand: [Function: bound brand],
    default: [Function: bound default],
    catch: [Function: bound catch],
    describe: [Function: bound describe],
    pipe: [Function: bound pipe],
    readonly: [Function: bound readonly],
    isNullable: [Function: bound isNullable],
    isOptional: [Function: bound isOptional],
    '~standard': { version: 1, vendor: 'zod', validate: [Function: validate] },
    _cached: { shape: [Object], keys: [Array] },
    nonstrict: [Function: passthrough],
    augment: [Function: extend]
  },
  sample: { locate: { prompt: 'the "Submit" button' } },
  call: [AsyncFunction (anonymous)]
}
[2026-04-05T23:32:40.942+08:00] locateFields [ 'locate' ]
[2026-04-05T23:32:44.755+08:00] actionInActionSpace matched {
  name: 'Tap',
  description: 'Tap the element',
  interfaceAlias: 'aiTap',
  paramSchema: ZodObject {
    spa: [Function: bound safeParseAsync] AsyncFunction,
    _def: {
      shape: [Function: shape],
      unknownKeys: 'strip',
      catchall: [ZodNever],
      typeName: 'ZodObject'
    },
    parse: [Function: bound parse],
    safeParse: [Function: bound safeParse],
    parseAsync: [Function: bound parseAsync] AsyncFunction,
    safeParseAsync: [Function: bound safeParseAsync] AsyncFunction,
    refine: [Function: bound refine],
    refinement: [Function: bound refinement],
    superRefine: [Function: bound superRefine],
    optional: [Function: bound optional],
    nullable: [Function: bound nullable],
    nullish: [Function: bound nullish],
    array: [Function: bound array],
    promise: [Function: bound promise],
    or: [Function: bound or],
    and: [Function: bound and],
    transform: [Function: bound transform],
    brand: [Function: bound brand],
    default: [Function: bound default],
    catch: [Function: bound catch],
    describe: [Function: bound describe],
    pipe: [Function: bound pipe],
    readonly: [Function: bound readonly],
    isNullable: [Function: bound isNullable],
    isOptional: [Function: bound isOptional],
    '~standard': { version: 1, vendor: 'zod', validate: [Function: validate] },
    _cached: { shape: [Object], keys: [Array] },
    nonstrict: [Function: passthrough],
    augment: [Function: extend]
  },
  sample: { locate: { prompt: 'the "Submit" button' } },
  call: [AsyncFunction (anonymous)]
}
[2026-04-05T23:32:44.755+08:00] locateFields [ 'locate' ]
[2026-04-05T23:32:54.148+08:00] actionInActionSpace matched {
  name: 'Tap',
  description: 'Tap the element',
  interfaceAlias: 'aiTap',
  paramSchema: ZodObject {
    spa: [Function: bound safeParseAsync] AsyncFunction,
    _def: {
      shape: [Function: shape],
      unknownKeys: 'strip',
      catchall: [ZodNever],
      typeName: 'ZodObject'
    },
    parse: [Function: bound parse],
    safeParse: [Function: bound safeParse],
    parseAsync: [Function: bound parseAsync] AsyncFunction,
    safeParseAsync: [Function: bound safeParseAsync] AsyncFunction,
    refine: [Function: bound refine],
    refinement: [Function: bound refinement],
    superRefine: [Function: bound superRefine],
    optional: [Function: bound optional],
    nullable: [Function: bound nullable],
    nullish: [Function: bound nullish],
    array: [Function: bound array],
    promise: [Function: bound promise],
    or: [Function: bound or],
    and: [Function: bound and],
    transform: [Function: bound transform],
    brand: [Function: bound brand],
    default: [Function: bound default],
    catch: [Function: bound catch],
    describe: [Function: bound describe],
    pipe: [Function: bound pipe],
    readonly: [Function: bound readonly],
    isNullable: [Function: bound isNullable],
    isOptional: [Function: bound isOptional],
    '~standard': { version: 1, vendor: 'zod', validate: [Function: validate] },
    _cached: { shape: [Object], keys: [Array] },
    nonstrict: [Function: passthrough],
    augment: [Function: extend]
  },
  sample: { locate: { prompt: 'the "Submit" button' } },
  call: [AsyncFunction (anonymous)]
}
[2026-04-05T23:32:54.148+08:00] locateFields [ 'locate' ]
[2026-04-05T23:32:57.265+08:00] task completed via <complete> tag, stop planning
[2026-04-05T23:33:09.674+08:00] actionInActionSpace matched {
  name: 'Tap',
  description: 'Tap the element',
  interfaceAlias: 'aiTap',
  paramSchema: ZodObject {
    spa: [Function: bound safeParseAsync] AsyncFunction,
    _def: {
      shape: [Function: shape],
      unknownKeys: 'strip',
      catchall: [ZodNever],
      typeName: 'ZodObject'
    },
    parse: [Function: bound parse],
    safeParse: [Function: bound safeParse],
    parseAsync: [Function: bound parseAsync] AsyncFunction,
    safeParseAsync: [Function: bound safeParseAsync] AsyncFunction,
    refine: [Function: bound refine],
    refinement: [Function: bound refinement],
    superRefine: [Function: bound superRefine],
    optional: [Function: bound optional],
    nullable: [Function: bound nullable],
    nullish: [Function: bound nullish],
    array: [Function: bound array],
    promise: [Function: bound promise],
    or: [Function: bound or],
    and: [Function: bound and],
    transform: [Function: bound transform],
    brand: [Function: bound brand],
    default: [Function: bound default],
    catch: [Function: bound catch],
    describe: [Function: bound describe],
    pipe: [Function: bound pipe],
    readonly: [Function: bound readonly],
    isNullable: [Function: bound isNullable],
    isOptional: [Function: bound isOptional],
    '~standard': { version: 1, vendor: 'zod', validate: [Function: validate] },
    _cached: { shape: [Object], keys: [Array] },
    nonstrict: [Function: passthrough],
    augment: [Function: extend]
  },
  sample: { locate: { prompt: 'the "Submit" button' } },
  call: [AsyncFunction (anonymous)]
}
[2026-04-05T23:33:09.674+08:00] locateFields [ 'locate' ]
